pfCode,yr,period,periodDesc,aggrLevel,IsLeaf,rgCode,rgDesc,rtCode,rtTitle,rt3ISO,ptCode,ptTitle,pt3ISO,ptCode2,ptTitle2,pt3ISO2,cstCode,cstDesc,motCode,motDesc,cmdCode,cmdDescE,qtCode,qtDesc,qtAltCode,qtAltDesc,TradeQuantity,AltQuantity,NetWeight,GrossWeight,TradeValue,CIFValue,FOBValue,estCode
H3,2010,2010,2010,4,0,1,Import,740,Suriname,SUR,0,World,WLD,,,,,,,,1006,Rice.,8,Weight in kilograms,,,509478,,509478,,270431,,,0
H3,2010,2010,2010,4,0,2,Export,740,Suriname,SUR,0,World,WLD,,,,,,,,1006,Rice.,8,Weight in kilograms,,,89414934,,89414934,,37846257,,,0
H3,2010,2010,2010,4,0,1,Import,740,Suriname,SUR,0,World,WLD,,,,,,,,0207,"Meat and edible offal, of the poultry of heading 01.05, fresh, chilled or frozen.",8,Weight in kilograms,,,17329804,,17329804,,17351289,,,0
H3,2010,2010,2010,4,0,2,Export,740,Suriname,SUR,0,World,WLD,,,,,,,,0207,"Meat and edible offal, of the poultry of heading 01.05, fresh, chilled or frozen.",8,Weight in kilograms,,,242677,,242677,,222452,,,0
H3,2010,2010,2010,4,0,1,Import,740,Suriname,SUR,0,World,WLD,,,,,,,,1507,"Soya-bean oil and its fractions, whether or not refined, but not chemically modified.",8,Weight in kilograms,,,10387797,,10387797,,12701274,,,0
H3,2010,2010,2010,4,0,2,Export,740,Suriname,SUR,0,World,WLD,,,,,,,,1507,"Soya-bean oil and its fractions, whether or not refined, but not chemically modified.",8,Weight in kilograms,,,11831,,11831,,11156,,,0
H3,2010,2010,2010,4,0,1,Import,740,Suriname,SUR,0,World,WLD,,,,,,,,1001,Wheat and meslin.,8,Weight in kilograms,,,20834977,,20834977,,4057001,,,0
H3,2010,2010,2010,4,0,1,Import,740,Suriname,SUR,28,Antigua and Barbuda,ATG,,,,,,,,1507,"Soya-bean oil and its fractions, whether or not refined, but not chemically modified.",8,Weight in kilograms,,,26152,,26152,,32465,,,0
H3,2010,2010,2010,4,0,1,Import,740,Suriname,SUR,32,Argentina,ARG,,,,,,,,1507,"Soya-bean oil and its fractions, whether or not refined, but not chemically modified.",8,Weight in kilograms,,,453785,,453785,,591639,,,0
H3,2010,2010,2010,4,0,1,Import,740,Suriname,SUR,56,Belgium,BEL,,,,,,,,1507,"Soya-bean oil and its fractions, whether or not refined, but not chemically modified.",8,Weight in kilograms,,,339257,,339257,,341635,,,0
H3,2010,2010,2010,4,0,1,Import,740,Suriname,SUR,56,Belgium,BEL,,,,,,,,0207,"Meat and edible offal, of the poultry of heading 01.05, fresh, chilled or frozen.",8,Weight in kilograms,,,78285,,78285,,157177,,,0
H3,2010,2010,2010,4,0,2,Export,740,Suriname,SUR,56,Belgium,BEL,,,,,,,,1006,Rice.,8,Weight in kilograms,,,880250,,880250,,208550,,,0
H3,2010,2010,2010,4,0,1,Import,740,Suriname,SUR,76,Brazil,BRA,,,,,,,,0207,"Meat and edible offal, of the poultry of heading 01.05, fresh, chilled or frozen.",8,Weight in kilograms,,,4060896,,4060896,,6009580,,,0
H3,2010,2010,2010,4,0,1,Import,740,Suriname,SUR,76,Brazil,BRA,,,,,,,,1507,"Soya-bean oil and its fractions, whether or not refined, but not chemically modified.",8,Weight in kilograms,,,2811257,,2811257,,3156497,,,0
H3,2010,2010,2010,4,0,1,Import,740,Suriname,SUR,124,Canada,CAN,,,,,,,,0207,"Meat and edible offal, of the poultry of heading 01.05, fresh, chilled or frozen.",8,Weight in kilograms,,,43611,,43611,,41694,,,0
H3,2010,2010,2010,4,0,1,Import,740,Suriname,SUR,156,China,CHN,,,,,,,,1006,Rice.,8,Weight in kilograms,,,1720,,1720,,1539,,,0
H3,2010,2010,2010,4,0,2,Export,740,Suriname,SUR,251,France,FRA,,,,,,,,1006,Rice.,8,Weight in kilograms,,,4501899,,4501899,,1901646,,,0
H3,2010,2010,2010,4,0,1,Import,740,Suriname,SUR,251,France,FRA,,,,,,,,1001,Wheat and meslin.,8,Weight in kilograms,,,18376628,,18376628,,3135524,,,0
H3,2010,2010,2010,4,0,2,Export,740,Suriname,SUR,276,Germany,DEU,,,,,,,,1006,Rice.,8,Weight in kilograms,,,24000,,24000,,13440,,,0
H3,2010,2010,2010,4,0,1,Import,740,Suriname,SUR,276,Germany,DEU,,,,,,,,0207,"Meat and edible offal, of the poultry of heading 01.05, fresh, chilled or frozen.",8,Weight in kilograms,,,72438,,72438,,106193,,,0
H3,2010,2010,2010,4,0,1,Import,740,Suriname,SUR,276,Germany,DEU,,,,,,,,1507,"Soya-bean oil and its fractions, whether or not refined, but not chemically modified.",8,Weight in kilograms,,,35522,,35522,,41619,,,0
H3,2010,2010,2010,4,0,1,Import,740,Suriname,SUR,328,Guyana,GUY,,,,,,,,1507,"Soya-bean oil and its fractions, whether or not refined, but not chemically modified.",8,Weight in kilograms,,,95833,,95833,,116669,,,0
H3,2010,2010,2010,4,0,2,Export,740,Suriname,SUR,328,Guyana,GUY,,,,,,,,1507,"Soya-bean oil and its fractions, whether or not refined, but not chemically modified.",8,Weight in kilograms,,,11831,,11831,,11156,,,0
H3,2010,2010,2010,4,0,2,Export,740,Suriname,SUR,328,Guyana,GUY,,,,,,,,0207,"Meat and edible offal, of the poultry of heading 01.05, fresh, chilled or frozen.",8,Weight in kilograms,,,242677,,242677,,222452,,,0
H3,2010,2010,2010,4,0,1,Import,740,Suriname,SUR,328,Guyana,GUY,,,,,,,,1006,Rice.,8,Weight in kilograms,,,107280,,107280,,68610,,,0
H3,2010,2010,2010,4,0,2,Export,740,Suriname,SUR,328,Guyana,GUY,,,,,,,,1006,Rice.,8,Weight in kilograms,,,2892290,,2892290,,1376794,,,0
H3,2010,2010,2010,4,0,1,Import,740,Suriname,SUR,328,Guyana,GUY,,,,,,,,1001,Wheat and meslin.,8,Weight in kilograms,,,191350,,191350,,93379,,,0
H3,2010,2010,2010,4,0,2,Export,740,Suriname,SUR,332,Haiti,HTI,,,,,,,,1006,Rice.,8,Weight in kilograms,,,14593960,,14593960,,6900850,,,0
H3,2010,2010,2010,4,0,2,Export,740,Suriname,SUR,388,Jamaica,JAM,,,,,,,,1006,Rice.,8,Weight in kilograms,,,22464155,,22464155,,11176551,,,0
H3,2010,2010,2010,4,0,1,Import,740,Suriname,SUR,458,Malaysia,MYS,,,,,,,,1006,Rice.,8,Weight in kilograms,,,22302,,22302,,27103,,,0
H3,2010,2010,2010,4,0,2,Export,740,Suriname,SUR,466,Mali,MLI,,,,,,,,1006,Rice.,8,Weight in kilograms,,,250000,,250000,,100000,,,0
H3,2010,2010,2010,4,0,1,Import,740,Suriname,SUR,484,Mexico,MEX,,,,,,,,1507,"Soya-bean oil and its fractions, whether or not refined, but not chemically modified.",8,Weight in kilograms,,,754328,,754328,,872880,,,0
H3,2010,2010,2010,4,0,1,Import,740,Suriname,SUR,490,"Other Asia, nes",,,,,,,,,1006,Rice.,8,Weight in kilograms,,,22569,,22569,,27773,,,0
H3,2010,2010,2010,4,0,2,Export,740,Suriname,SUR,508,Mozambique,MOZ,,,,,,,,1006,Rice.,8,Weight in kilograms,,,210000,,210000,,93660,,,0
H3,2010,2010,2010,4,0,1,Import,740,Suriname,SUR,528,Netherlands,NLD,,,,,,,,1006,Rice.,8,Weight in kilograms,,,11176,,11176,,15601,,,0
H3,2010,2010,2010,4,0,2,Export,740,Suriname,SUR,528,Netherlands,NLD,,,,,,,,1006,Rice.,8,Weight in kilograms,,,27850410,,27850410,,9895372,,,0
H3,2010,2010,2010,4,0,1,Import,740,Suriname,SUR,528,Netherlands,NLD,,,,,,,,1507,"Soya-bean oil and its fractions, whether or not refined, but not chemically modified.",8,Weight in kilograms,,,5637134,,5637134,,7261791,,,0
H3,2010,2010,2010,4,0,1,Import,740,Suriname,SUR,528,Netherlands,NLD,,,,,,,,0207,"Meat and edible offal, of the poultry of heading 01.05, fresh, chilled or frozen.",8,Weight in kilograms,,,202664,,202664,,258986,,,0
H3,2010,2010,2010,4,0,1,Import,740,Suriname,SUR,530,Neth. Antilles,ANT,,,,,,,,1001,Wheat and meslin.,8,Weight in kilograms,,,1000000,,1000000,,295000,,,0
H3,2010,2010,2010,4,0,2,Export,740,Suriname,SUR,533,Aruba,ABW,,,,,,,,1006,Rice.,8,Weight in kilograms,,,279130,,279130,,86423,,,0
H3,2010,2010,2010,4,0,1,Import,740,Suriname,SUR,586,Pakistan,PAK,,,,,,,,1006,Rice.,8,Weight in kilograms,,,1000,,1000,,1288,,,0
H3,2010,2010,2010,4,0,2,Export,740,Suriname,SUR,591,Panama,PAN,,,,,,,,1006,Rice.,8,Weight in kilograms,,,3200681,,3200681,,1483448,,,0
H3,2010,2010,2010,4,0,2,Export,740,Suriname,SUR,616,Poland,POL,,,,,,,,1006,Rice.,8,Weight in kilograms,,,1048000,,1048000,,426880,,,0
H3,2010,2010,2010,4,0,2,Export,740,Suriname,SUR,620,Portugal,PRT,,,,,,,,1006,Rice.,8,Weight in kilograms,,,6168784,,6168784,,2388815,,,0
H3,2010,2010,2010,4,0,1,Import,740,Suriname,SUR,699,India,IND,,,,,,,,1006,Rice.,8,Weight in kilograms,,,1400,,1400,,1617,,,0
H3,2010,2010,2010,4,0,2,Export,740,Suriname,SUR,710,South Africa,ZAF,,,,,,,,1006,Rice.,8,Weight in kilograms,,,251250,,251250,,68750,,,0
H3,2010,2010,2010,4,0,2,Export,740,Suriname,SUR,752,Sweden,SWE,,,,,,,,1006,Rice.,8,Weight in kilograms,,,3000000,,3000000,,1200000,,,0
H3,2010,2010,2010,4,0,1,Import,740,Suriname,SUR,764,Thailand,THA,,,,,,,,1006,Rice.,8,Weight in kilograms,,,266887,,266887,,63913,,,0
H3,2010,2010,2010,4,0,1,Import,740,Suriname,SUR,780,Trinidad and Tobago,TTO,,,,,,,,1006,Rice.,8,Weight in kilograms,,,40113,,40113,,27453,,,0
H3,2010,2010,2010,4,0,2,Export,740,Suriname,SUR,780,Trinidad and Tobago,TTO,,,,,,,,1006,Rice.,8,Weight in kilograms,,,700125,,700125,,316578,,,0
H3,2010,2010,2010,4,0,1,Import,740,Suriname,SUR,780,Trinidad and Tobago,TTO,,,,,,,,0207,"Meat and edible offal, of the poultry of heading 01.05, fresh, chilled or frozen.",8,Weight in kilograms,,,304106,,304106,,699607,,,0
H3,2010,2010,2010,4,0,1,Import,740,Suriname,SUR,780,Trinidad and Tobago,TTO,,,,,,,,1507,"Soya-bean oil and its fractions, whether or not refined, but not chemically modified.",8,Weight in kilograms,,,81266,,81266,,112407,,,0
H3,2010,2010,2010,4,0,2,Export,740,Suriname,SUR,826,United Kingdom,GBR,,,,,,,,1006,Rice.,8,Weight in kilograms,,,950000,,950000,,171000,,,0
H3,2010,2010,2010,4,0,1,Import,740,Suriname,SUR,842,USA,USA,,,,,,,,1006,Rice.,8,Weight in kilograms,,,35031,,35031,,35535,,,0
H3,2010,2010,2010,4,0,2,Export,740,Suriname,SUR,842,USA,USA,,,,,,,,1006,Rice.,8,Weight in kilograms,,,150000,,150000,,37500,,,0
H3,2010,2010,2010,4,0,1,Import,740,Suriname,SUR,842,USA,USA,,,,,,,,1507,"Soya-bean oil and its fractions, whether or not refined, but not chemically modified.",8,Weight in kilograms,,,153262,,153262,,173673,,,0
H3,2010,2010,2010,4,0,1,Import,740,Suriname,SUR,842,USA,USA,,,,,,,,0207,"Meat and edible offal, of the poultry of heading 01.05, fresh, chilled or frozen.",8,Weight in kilograms,,,12567805,,12567805,,10078052,,,0
H3,2010,2010,2010,4,0,1,Import,740,Suriname,SUR,842,USA,USA,,,,,,,,1001,Wheat and meslin.,8,Weight in kilograms,,,1266999,,1266999,,533098,,,0
H3,2011,2011,2011,4,0,1,Import,740,Suriname,SUR,0,World,WLD,,,,,,,,0207,"Meat and edible offal, of the poultry of heading 01.05, fresh, chilled or frozen.",8,Weight in kilograms,,,18583902,,18583902,,21404365,,,0
H3,2011,2011,2011,4,0,2,Export,740,Suriname,SUR,0,World,WLD,,,,,,,,0207,"Meat and edible offal, of the poultry of heading 01.05, fresh, chilled or frozen.",8,Weight in kilograms,,,861052,,861052,,938838,,,0
H3,2011,2011,2011,4,0,3,Re-Export,740,Suriname,SUR,0,World,WLD,,,,,,,,0207,"Meat and edible offal, of the poultry of heading 01.05, fresh, chilled or frozen.",8,Weight in kilograms,,,299000,,299000,,218472,,,0
H3,2011,2011,2011,4,0,1,Import,740,Suriname,SUR,0,World,WLD,,,,,,,,1006,Rice.,8,Weight in kilograms,,,399449,,399449,,273708,,,0
H3,2011,2011,2011,4,0,2,Export,740,Suriname,SUR,0,World,WLD,,,,,,,,1006,Rice.,8,Weight in kilograms,,,49257665,,49257665,,33708566,,,0
H3,2011,2011,2011,4,0,3,Re-Export,740,Suriname,SUR,0,World,WLD,,,,,,,,1006,Rice.,8,Weight in kilograms,,,1728807,,1728807,,2837002,,,0
H3,2011,2011,2011,4,0,1,Import,740,Suriname,SUR,0,World,WLD,,,,,,,,1507,"Soya-bean oil and its fractions, whether or not refined, but not chemically modified.",8,Weight in kilograms,,,10881721,,10881721,,15675208,,,0
H3,2011,2011,2011,4,0,2,Export,740,Suriname,SUR,0,World,WLD,,,,,,,,1507,"Soya-bean oil and its fractions, whether or not refined, but not chemically modified.",8,Weight in kilograms,,,4355574,,4355574,,6448115,,,0
H3,2011,2011,2011,4,0,3,Re-Export,740,Suriname,SUR,0,World,WLD,,,,,,,,1507,"Soya-bean oil and its fractions, whether or not refined, but not chemically modified.",8,Weight in kilograms,,,4309800,,4309800,,6389591,,,0
H3,2011,2011,2011,4,0,1,Import,740,Suriname,SUR,0,World,WLD,,,,,,,,1001,Wheat and meslin.,8,Weight in kilograms,,,85068495,,85068495,,6999215,,,0
H3,2011,2011,2011,4,0,1,Import,740,Suriname,SUR,28,Antigua and Barbuda,ATG,,,,,,,,1507,"Soya-bean oil and its fractions, whether or not refined, but not chemically modified.",8,Weight in kilograms,,,30203,,30203,,50699,,,0
H3,2011,2011,2011,4,0,1,Import,740,Suriname,SUR,32,Argentina,ARG,,,,,,,,1507,"Soya-bean oil and its fractions, whether or not refined, but not chemically modified.",8,Weight in kilograms,,,749721,,749721,,1141133,,,0
H3,2011,2011,2011,4,0,2,Export,740,Suriname,SUR,32,Argentina,ARG,,,,,,,,1507,"Soya-bean oil and its fractions, whether or not refined, but not chemically modified.",8,Weight in kilograms,,,25997,,25997,,34740,,,0
H3,2011,2011,2011,4,0,3,Re-Export,740,Suriname,SUR,32,Argentina,ARG,,,,,,,,1507,"Soya-bean oil and its fractions, whether or not refined, but not chemically modified.",8,Weight in kilograms,,,25997,,25997,,34740,,,0
H3,2011,2011,2011,4,0,1,Import,740,Suriname,SUR,32,Argentina,ARG,,,,,,,,0207,"Meat and edible offal, of the poultry of heading 01.05, fresh, chilled or frozen.",8,Weight in kilograms,,,26800,,26800,,43785,,,0
H3,2011,2011,2011,4,0,2,Export,740,Suriname,SUR,56,Belgium,BEL,,,,,,,,1006,Rice.,8,Weight in kilograms,,,25000,,25000,,12500,,,0
H3,2011,2011,2011,4,0,1,Import,740,Suriname,SUR,56,Belgium,BEL,,,,,,,,1507,"Soya-bean oil and its fractions, whether or not refined, but not chemically modified.",8,Weight in kilograms,,,28587,,28587,,47780,,,0
H3,2011,2011,2011,4,0,1,Import,740,Suriname,SUR,76,Brazil,BRA,,,,,,,,1507,"Soya-bean oil and its fractions, whether or not refined, but not chemically modified.",8,Weight in kilograms,,,3558812,,3558812,,4119521,,,0
H3,2011,2011,2011,4,0,1,Import,740,Suriname,SUR,76,Brazil,BRA,,,,,,,,0207,"Meat and edible offal, of the poultry of heading 01.05, fresh, chilled or frozen.",8,Weight in kilograms,,,4004421,,4004421,,6663538,,,0
H3,2011,2011,2011,4,0,1,Import,740,Suriname,SUR,124,Canada,CAN,,,,,,,,0207,"Meat and edible offal, of the poultry of heading 01.05, fresh, chilled or frozen.",8,Weight in kilograms,,,73464,,73464,,58281,,,0
H3,2011,2011,2011,4,0,1,Import,740,Suriname,SUR,156,China,CHN,,,,,,,,1006,Rice.,8,Weight in kilograms,,,26493,,26493,,32097,,,0
H3,2011,2011,2011,4,0,2,Export,740,Suriname,SUR,192,Cuba,CUB,,,,,,,,1006,Rice.,8,Weight in kilograms,,,7759,,7759,,6800,,,0
H3,2011,2011,2011,4,0,2,Export,740,Suriname,SUR,192,Cuba,CUB,,,,,,,,1507,"Soya-bean oil and its fractions, whether or not refined, but not chemically modified.",8,Weight in kilograms,,,2212,,2212,,1939,,,0
H3,2011,2011,2011,4,0,1,Import,740,Suriname,SUR,214,Dominican Rep.,DOM,,,,,,,,0207,"Meat and edible offal, of the poultry of heading 01.05, fresh, chilled or frozen.",8,Weight in kilograms,,,28305,,28305,,44654,,,0
H3,2011,2011,2011,4,0,2,Export,740,Suriname,SUR,251,France,FRA,,,,,,,,1006,Rice.,8,Weight in kilograms,,,5106219,,5106219,,2226192,,,0
H3,2011,2011,2011,4,0,1,Import,740,Suriname,SUR,251,France,FRA,,,,,,,,1001,Wheat and meslin.,8,Weight in kilograms,,,82696403,,82696403,,6354066,,,0
H3,2011,2011,2011,4,0,1,Import,740,Suriname,SUR,276,Germany,DEU,,,,,,,,1507,"Soya-bean oil and its fractions, whether or not refined, but not chemically modified.",8,Weight in kilograms,,,3800,,3800,,6236,,,0
H3,2011,2011,2011,4,0,1,Import,740,Suriname,SUR,276,Germany,DEU,,,,,,,,0207,"Meat and edible offal, of the poultry of heading 01.05, fresh, chilled or frozen.",8,Weight in kilograms,,,16905,,16905,,37812,,,0
H3,2011,2011,2011,4,0,1,Import,740,Suriname,SUR,328,Guyana,GUY,,,,,,,,0207,"Meat and edible offal, of the poultry of heading 01.05, fresh, chilled or frozen.",8,Weight in kilograms,,,12340,,12340,,12258,,,0
H3,2011,2011,2011,4,0,2,Export,740,Suriname,SUR,328,Guyana,GUY,,,,,,,,0207,"Meat and edible offal, of the poultry of heading 01.05, fresh, chilled or frozen.",8,Weight in kilograms,,,860994,,860994,,938707,,,0
H3,2011,2011,2011,4,0,3,Re-Export,740,Suriname,SUR,328,Guyana,GUY,,,,,,,,0207,"Meat and edible offal, of the poultry of heading 01.05, fresh, chilled or frozen.",8,Weight in kilograms,,,299000,,299000,,218472,,,0
H3,2011,2011,2011,4,0,1,Import,740,Suriname,SUR,328,Guyana,GUY,,,,,,,,1006,Rice.,8,Weight in kilograms,,,216000,,216000,,60494,,,0
H3,2011,2011,2011,4,0,2,Export,740,Suriname,SUR,328,Guyana,GUY,,,,,,,,1006,Rice.,8,Weight in kilograms,,,2001785,,2001785,,1041710,,,0
H3,2011,2011,2011,4,0,3,Re-Export,740,Suriname,SUR,328,Guyana,GUY,,,,,,,,1006,Rice.,8,Weight in kilograms,,,1785,,1785,,1710,,,0
H3,2011,2011,2011,4,0,1,Import,740,Suriname,SUR,328,Guyana,GUY,,,,,,,,1507,"Soya-bean oil and its fractions, whether or not refined, but not chemically modified.",8,Weight in kilograms,,,21916,,21916,,27885,,,0
H3,2011,2011,2011,4,0,2,Export,740,Suriname,SUR,328,Guyana,GUY,,,,,,,,1507,"Soya-bean oil and its fractions, whether or not refined, but not chemically modified.",8,Weight in kilograms,,,4327253,,4327253,,6411286,,,0
H3,2011,2011,2011,4,0,3,Re-Export,740,Suriname,SUR,328,Guyana,GUY,,,,,,,,1507,"Soya-bean oil and its fractions, whether or not refined, but not chemically modified.",8,Weight in kilograms,,,4283803,,4283803,,6354851,,,0
H3,2011,2011,2011,4,0,1,Import,740,Suriname,SUR,328,Guyana,GUY,,,,,,,,1001,Wheat and meslin.,8,Weight in kilograms,,,537770,,537770,,254365,,,0
H3,2011,2011,2011,4,0,2,Export,740,Suriname,SUR,332,Haiti,HTI,,,,,,,,1507,"Soya-bean oil and its fractions, whether or not refined, but not chemically modified.",8,Weight in kilograms,,,112,,112,,150,,,0
H3,2011,2011,2011,4,0,2,Export,740,Suriname,SUR,332,Haiti,HTI,,,,,,,,1006,Rice.,8,Weight in kilograms,,,1000,,1000,,400,,,0
H3,2011,2011,2011,4,0,2,Export,740,Suriname,SUR,388,Jamaica,JAM,,,,,,,,1006,Rice.,8,Weight in kilograms,,,35381609,,35381609,,25082760,,,0
H3,2011,2011,2011,4,0,1,Import,740,Suriname,SUR,422,Lebanon,LBN,,,,,,,,1507,"Soya-bean oil and its fractions, whether or not refined, but not chemically modified.",8,Weight in kilograms,,,131,,131,,196,,,0
H3,2011,2011,2011,4,0,1,Import,740,Suriname,SUR,484,Mexico,MEX,,,,,,,,1507,"Soya-bean oil and its fractions, whether or not refined, but not chemically modified.",8,Weight in kilograms,,,737583,,737583,,941963,,,0
H3,2011,2011,2011,4,0,1,Import,740,Suriname,SUR,490,"Other Asia, nes",,,,,,,,,1507,"Soya-bean oil and its fractions, whether or not refined, but not chemically modified.",8,Weight in kilograms,,,520,,520,,760,,,0
H3,2011,2011,2011,4,0,1,Import,740,Suriname,SUR,528,Netherlands,NLD,,,,,,,,1507,"Soya-bean oil and its fractions, whether or not refined, but not chemically modified.",8,Weight in kilograms,,,5364032,,5364032,,8813410,,,0
H3,2011,2011,2011,4,0,1,Import,740,Suriname,SUR,528,Netherlands,NLD,,,,,,,,1001,Wheat and meslin.,8,Weight in kilograms,,,375,,375,,217,,,0
H3,2011,2011,2011,4,0,1,Import,740,Suriname,SUR,528,Netherlands,NLD,,,,,,,,1006,Rice.,8,Weight in kilograms,,,14576,,14576,,16404,,,0
H3,2011,2011,2011,4,0,2,Export,740,Suriname,SUR,528,Netherlands,NLD,,,,,,,,1006,Rice.,8,Weight in kilograms,,,4035548,,4035548,,1882575,,,0
H3,2011,2011,2011,4,0,1,Import,740,Suriname,SUR,528,Netherlands,NLD,,,,,,,,0207,"Meat and edible offal, of the poultry of heading 01.05, fresh, chilled or frozen.",8,Weight in kilograms,,,327640,,327640,,378035,,,0
H3,2011,2011,2011,4,0,2,Export,740,Suriname,SUR,531,Cura√ßao,CUW,,,,,,,,1006,Rice.,8,Weight in kilograms,,,70422,,70422,,66739,,,0
H3,2011,2011,2011,4,0,2,Export,740,Suriname,SUR,533,Aruba,ABW,,,,,,,,1006,Rice.,8,Weight in kilograms,,,116786,,116786,,111612,,,0
H3,2011,2011,2011,4,0,2,Export,740,Suriname,SUR,616,Poland,POL,,,,,,,,1006,Rice.,8,Weight in kilograms,,,124000,,124000,,66960,,,0
H3,2011,2011,2011,4,0,2,Export,740,Suriname,SUR,620,Portugal,PRT,,,,,,,,1006,Rice.,8,Weight in kilograms,,,23046,,23046,,21160,,,0
H3,2011,2011,2011,4,0,1,Import,740,Suriname,SUR,620,Portugal,PRT,,,,,,,,0207,"Meat and edible offal, of the poultry of heading 01.05, fresh, chilled or frozen.",8,Weight in kilograms,,,21270,,21270,,41763,,,0
H3,2011,2011,2011,4,0,1,Import,740,Suriname,SUR,699,India,IND,,,,,,,,1006,Rice.,8,Weight in kilograms,,,114,,114,,298,,,0
H3,2011,2011,2011,4,0,1,Import,740,Suriname,SUR,764,Thailand,THA,,,,,,,,1006,Rice.,8,Weight in kilograms,,,125903,,125903,,148078,,,0
H3,2011,2011,2011,4,0,2,Export,740,Suriname,SUR,780,Trinidad and Tobago,TTO,,,,,,,,1006,Rice.,8,Weight in kilograms,,,592469,,592469,,322433,,,0
H3,2011,2011,2011,4,0,1,Import,740,Suriname,SUR,780,Trinidad and Tobago,TTO,,,,,,,,0207,"Meat and edible offal, of the poultry of heading 01.05, fresh, chilled or frozen.",8,Weight in kilograms,,,402900,,402900,,920309,,,0
H3,2011,2011,2011,4,0,1,Import,740,Suriname,SUR,780,Trinidad and Tobago,TTO,,,,,,,,1001,Wheat and meslin.,8,Weight in kilograms,,,153000,,153000,,39520,,,0
H3,2011,2011,2011,4,0,1,Import,740,Suriname,SUR,780,Trinidad and Tobago,TTO,,,,,,,,1507,"Soya-bean oil and its fractions, whether or not refined, but not chemically modified.",8,Weight in kilograms,,,117447,,117447,,141432,,,0
H3,2011,2011,2011,4,0,1,Import,740,Suriname,SUR,826,United Kingdom,GBR,,,,,,,,1001,Wheat and meslin.,8,Weight in kilograms,,,619760,,619760,,241706,,,0
H3,2011,2011,2011,4,0,1,Import,740,Suriname,SUR,842,USA,USA,,,,,,,,1001,Wheat and meslin.,8,Weight in kilograms,,,1061187,,1061187,,109341,,,0
H3,2011,2011,2011,4,0,1,Import,740,Suriname,SUR,842,USA,USA,,,,,,,,1507,"Soya-bean oil and its fractions, whether or not refined, but not chemically modified.",8,Weight in kilograms,,,268969,,268969,,384193,,,0
H3,2011,2011,2011,4,0,1,Import,740,Suriname,SUR,842,USA,USA,,,,,,,,0207,"Meat and edible offal, of the poultry of heading 01.05, fresh, chilled or frozen.",8,Weight in kilograms,,,13669857,,13669857,,13203929,,,0
H3,2011,2011,2011,4,0,1,Import,740,Suriname,SUR,842,USA,USA,,,,,,,,1006,Rice.,8,Weight in kilograms,,,16362,,16362,,16338,,,0
H3,2011,2011,2011,4,0,2,Export,740,Suriname,SUR,842,USA,USA,,,,,,,,1006,Rice.,8,Weight in kilograms,,,1727022,,1727022,,2835292,,,0
H3,2011,2011,2011,4,0,3,Re-Export,740,Suriname,SUR,842,USA,USA,,,,,,,,1006,Rice.,8,Weight in kilograms,,,1727022,,1727022,,2835292,,,0
H3,2011,2011,2011,4,0,2,Export,740,Suriname,SUR,862,Venezuela,VEN,,,,,,,,1006,Rice.,8,Weight in kilograms,,,45000,,45000,,31435,,,0
H3,2011,2011,2011,4,0,2,Export,740,Suriname,SUR,899,"Areas, nes",,,,,,,,,0207,"Meat and edible offal, of the poultry of heading 01.05, fresh, chilled or frozen.",8,Weight in kilograms,,,58,,58,,132,,,0
H3,2012,2012,2012,4,0,1,Import,740,Suriname,SUR,0,World,WLD,,,,,,,,1006,Rice.,8,Weight in kilograms,,,1144245,,1144245,,601823,,,0
H3,2012,2012,2012,4,0,2,Export,740,Suriname,SUR,0,World,WLD,,,,,,,,1006,Rice.,8,Weight in kilograms,,,72276823,,72276823,,68205858,,,0
H3,2012,2012,2012,4,0,3,Re-Export,740,Suriname,SUR,0,World,WLD,,,,,,,,1006,Rice.,8,Weight in kilograms,,,2582535,,2582535,,4530792,,,0
H3,2012,2012,2012,4,0,1,Import,740,Suriname,SUR,0,World,WLD,,,,,,,,1507,"Soya-bean oil and its fractions, whether or not refined, but not chemically modified.",8,Weight in kilograms,,,8874291,,8874291,,13080663,,,0
H3,2012,2012,2012,4,0,2,Export,740,Suriname,SUR,0,World,WLD,,,,,,,,1507,"Soya-bean oil and its fractions, whether or not refined, but not chemically modified.",8,Weight in kilograms,,,938547,,938547,,1578270,,,0
H3,2012,2012,2012,4,0,3,Re-Export,740,Suriname,SUR,0,World,WLD,,,,,,,,1507,"Soya-bean oil and its fractions, whether or not refined, but not chemically modified.",8,Weight in kilograms,,,665628,,665628,,1199105,,,0
H3,2012,2012,2012,4,0,1,Import,740,Suriname,SUR,0,World,WLD,,,,,,,,1001,Wheat and meslin.,8,Weight in kilograms,,,103181230,,103181230,,6786175,,,0
H3,2012,2012,2012,4,0,2,Export,740,Suriname,SUR,0,World,WLD,,,,,,,,1001,Wheat and meslin.,8,Weight in kilograms,,,512711,,512711,,337574,,,0
H3,2012,2012,2012,4,0,1,Import,740,Suriname,SUR,0,World,WLD,,,,,,,,0207,"Meat and edible offal, of the poultry of heading 01.05, fresh, chilled or frozen.",8,Weight in kilograms,,,17855366,,17855366,,24385838,,,0
H3,2012,2012,2012,4,0,2,Export,740,Suriname,SUR,0,World,WLD,,,,,,,,0207,"Meat and edible offal, of the poultry of heading 01.05, fresh, chilled or frozen.",8,Weight in kilograms,,,151922,,151922,,268682,,,0
H3,2012,2012,2012,4,0,1,Import,740,Suriname,SUR,28,Antigua and Barbuda,ATG,,,,,,,,1507,"Soya-bean oil and its fractions, whether or not refined, but not chemically modified.",8,Weight in kilograms,,,26460,,26460,,42285,,,0
H3,2012,2012,2012,4,0,1,Import,740,Suriname,SUR,32,Argentina,ARG,,,,,,,,1507,"Soya-bean oil and its fractions, whether or not refined, but not chemically modified.",8,Weight in kilograms,,,660120,,660120,,1023025,,,0
H3,2012,2012,2012,4,0,2,Export,740,Suriname,SUR,52,Barbados,BRB,,,,,,,,1001,Wheat and meslin.,8,Weight in kilograms,,,466911,,466911,,307409,,,0
H3,2012,2012,2012,4,0,1,Import,740,Suriname,SUR,56,Belgium,BEL,,,,,,,,1507,"Soya-bean oil and its fractions, whether or not refined, but not chemically modified.",8,Weight in kilograms,,,116533,,116533,,190004,,,0
H3,2012,2012,2012,4,0,1,Import,740,Suriname,SUR,56,Belgium,BEL,,,,,,,,1006,Rice.,8,Weight in kilograms,,,5237,,5237,,5547,,,0
H3,2012,2012,2012,4,0,2,Export,740,Suriname,SUR,56,Belgium,BEL,,,,,,,,1006,Rice.,8,Weight in kilograms,,,125000,,125000,,55000,,,0
H3,2012,2012,2012,4,0,2,Export,740,Suriname,SUR,76,Brazil,BRA,,,,,,,,1006,Rice.,8,Weight in kilograms,,,650800,,650800,,8835000,,,0
H3,2012,2012,2012,4,0,1,Import,740,Suriname,SUR,76,Brazil,BRA,,,,,,,,1507,"Soya-bean oil and its fractions, whether or not refined, but not chemically modified.",8,Weight in kilograms,,,2634530,,2634530,,3586404,,,0
H3,2012,2012,2012,4,0,1,Import,740,Suriname,SUR,76,Brazil,BRA,,,,,,,,0207,"Meat and edible offal, of the poultry of heading 01.05, fresh, chilled or frozen.",8,Weight in kilograms,,,4098983,,4098983,,6783554,,,0
H3,2012,2012,2012,4,0,2,Export,740,Suriname,SUR,120,Cameroon,CMR,,,,,,,,1006,Rice.,8,Weight in kilograms,,,102,,102,,75,,,0
H3,2012,2012,2012,4,0,2,Export,740,Suriname,SUR,192,Cuba,CUB,,,,,,,,1006,Rice.,8,Weight in kilograms,,,29087,,29087,,27200,,,0
H3,2012,2012,2012,4,0,2,Export,740,Suriname,SUR,192,Cuba,CUB,,,,,,,,1507,"Soya-bean oil and its fractions, whether or not refined, but not chemically modified.",8,Weight in kilograms,,,8293,,8293,,7755,,,0
H3,2012,2012,2012,4,0,2,Export,740,Suriname,SUR,208,Denmark,DNK,,,,,,,,1507,"Soya-bean oil and its fractions, whether or not refined, but not chemically modified.",8,Weight in kilograms,,,20,,20,,21,,,0
H3,2012,2012,2012,4,0,2,Export,740,Suriname,SUR,246,Finland,FIN,,,,,,,,1006,Rice.,8,Weight in kilograms,,,35000,,35000,,10264,,,0
H3,2012,2012,2012,4,0,2,Export,740,Suriname,SUR,251,France,FRA,,,,,,,,1006,Rice.,8,Weight in kilograms,,,7160686,,7160686,,2734833,,,0
H3,2012,2012,2012,4,0,1,Import,740,Suriname,SUR,251,France,FRA,,,,,,,,1001,Wheat and meslin.,8,Weight in kilograms,,,32884900,,32884900,,5646040,,,0
H3,2012,2012,2012,4,0,1,Import,740,Suriname,SUR,276,Germany,DEU,,,,,,,,1507,"Soya-bean oil and its fractions, whether or not refined, but not chemically modified.",8,Weight in kilograms,,,74515,,74515,,149332,,,0
H3,2012,2012,2012,4,0,2,Export,740,Suriname,SUR,328,Guyana,GUY,,,,,,,,1507,"Soya-bean oil and its fractions, whether or not refined, but not chemically modified.",8,Weight in kilograms,,,888214,,888214,,1505878,,,0
H3,2012,2012,2012,4,0,3,Re-Export,740,Suriname,SUR,328,Guyana,GUY,,,,,,,,1507,"Soya-bean oil and its fractions, whether or not refined, but not chemically modified.",8,Weight in kilograms,,,627628,,627628,,1140524,,,0
H3,2012,2012,2012,4,0,2,Export,740,Suriname,SUR,328,Guyana,GUY,,,,,,,,1001,Wheat and meslin.,8,Weight in kilograms,,,44000,,44000,,28749,,,0
H3,2012,2012,2012,4,0,2,Export,740,Suriname,SUR,328,Guyana,GUY,,,,,,,,0207,"Meat and edible offal, of the poultry of heading 01.05, fresh, chilled or frozen.",8,Weight in kilograms,,,151922,,151922,,268682,,,0
H3,2012,2012,2012,4,0,1,Import,740,Suriname,SUR,328,Guyana,GUY,,,,,,,,1006,Rice.,8,Weight in kilograms,,,950954,,950954,,403874,,,0
H3,2012,2012,2012,4,0,2,Export,740,Suriname,SUR,332,Haiti,HTI,,,,,,,,1001,Wheat and meslin.,8,Weight in kilograms,,,1800,,1800,,1416,,,0
H3,2012,2012,2012,4,0,2,Export,740,Suriname,SUR,381,Italy,ITA,,,,,,,,1507,"Soya-bean oil and its fractions, whether or not refined, but not chemically modified.",8,Weight in kilograms,,,38000,,38000,,58581,,,0
H3,2012,2012,2012,4,0,3,Re-Export,740,Suriname,SUR,381,Italy,ITA,,,,,,,,1507,"Soya-bean oil and its fractions, whether or not refined, but not chemically modified.",8,Weight in kilograms,,,38000,,38000,,58581,,,0
H3,2012,2012,2012,4,0,2,Export,740,Suriname,SUR,388,Jamaica,JAM,,,,,,,,1006,Rice.,8,Weight in kilograms,,,51934162,,51934162,,48148695,,,0
H3,2012,2012,2012,4,0,1,Import,740,Suriname,SUR,392,Japan,JPN,,,,,,,,1006,Rice.,8,Weight in kilograms,,,25,,25,,1588,,,0
H3,2012,2012,2012,4,0,2,Export,740,Suriname,SUR,446,"China, Macao SAR",MAC,,,,,,,,1006,Rice.,8,Weight in kilograms,,,23500,,23500,,20328,,,0
H3,2012,2012,2012,4,0,1,Import,740,Suriname,SUR,446,"China, Macao SAR",MAC,,,,,,,,1001,Wheat and meslin.,8,Weight in kilograms,,,1000000,,1000000,,446706,,,0
H3,2012,2012,2012,4,0,1,Import,740,Suriname,SUR,458,Malaysia,MYS,,,,,,,,1006,Rice.,8,Weight in kilograms,,,22610,,22610,,25687,,,0
H3,2012,2012,2012,4,0,2,Export,740,Suriname,SUR,470,Malta,MLT,,,,,,,,1006,Rice.,8,Weight in kilograms,,,97978,,97978,,175493,,,0
H3,2012,2012,2012,4,0,3,Re-Export,740,Suriname,SUR,470,Malta,MLT,,,,,,,,1006,Rice.,8,Weight in kilograms,,,97978,,97978,,175493,,,0
H3,2012,2012,2012,4,0,1,Import,740,Suriname,SUR,484,Mexico,MEX,,,,,,,,1507,"Soya-bean oil and its fractions, whether or not refined, but not chemically modified.",8,Weight in kilograms,,,119466,,119466,,201225,,,0
H3,2012,2012,2012,4,0,1,Import,740,Suriname,SUR,528,Netherlands,NLD,,,,,,,,1507,"Soya-bean oil and its fractions, whether or not refined, but not chemically modified.",8,Weight in kilograms,,,4875353,,4875353,,7316472,,,0
H3,2012,2012,2012,4,0,1,Import,740,Suriname,SUR,528,Netherlands,NLD,,,,,,,,1001,Wheat and meslin.,8,Weight in kilograms,,,72000,,72000,,45360,,,0
H3,2012,2012,2012,4,0,1,Import,740,Suriname,SUR,528,Netherlands,NLD,,,,,,,,0207,"Meat and edible offal, of the poultry of heading 01.05, fresh, chilled or frozen.",8,Weight in kilograms,,,166740,,166740,,314515,,,0
H3,2012,2012,2012,4,0,1,Import,740,Suriname,SUR,528,Netherlands,NLD,,,,,,,,1006,Rice.,8,Weight in kilograms,,,31462,,31462,,27370,,,0
H3,2012,2012,2012,4,0,2,Export,740,Suriname,SUR,528,Netherlands,NLD,,,,,,,,1006,Rice.,8,Weight in kilograms,,,1249076,,1249076,,631750,,,0
H3,2012,2012,2012,4,0,2,Export,740,Suriname,SUR,533,Aruba,ABW,,,,,,,,1006,Rice.,8,Weight in kilograms,,,2945519,,2945519,,208466,,,0
H3,2012,2012,2012,4,0,2,Export,740,Suriname,SUR,591,Panama,PAN,,,,,,,,1006,Rice.,8,Weight in kilograms,,,1000000,,1000000,,546250,,,0
H3,2012,2012,2012,4,0,2,Export,740,Suriname,SUR,616,Poland,POL,,,,,,,,1006,Rice.,8,Weight in kilograms,,,307440,,307440,,196762,,,0
H3,2012,2012,2012,4,0,2,Export,740,Suriname,SUR,620,Portugal,PRT,,,,,,,,1006,Rice.,8,Weight in kilograms,,,3523046,,3523046,,1725700,,,0
H3,2012,2012,2012,4,0,1,Import,740,Suriname,SUR,699,India,IND,,,,,,,,1006,Rice.,8,Weight in kilograms,,,6237,,6237,,6232,,,0
H3,2012,2012,2012,4,0,1,Import,740,Suriname,SUR,764,Thailand,THA,,,,,,,,1006,Rice.,8,Weight in kilograms,,,116137,,116137,,114061,,,0
H3,2012,2012,2012,4,0,2,Export,740,Suriname,SUR,780,Trinidad and Tobago,TTO,,,,,,,,1006,Rice.,8,Weight in kilograms,,,585570,,585570,,369708,,,0
H3,2012,2012,2012,4,0,1,Import,740,Suriname,SUR,780,Trinidad and Tobago,TTO,,,,,,,,0207,"Meat and edible offal, of the poultry of heading 01.05, fresh, chilled or frozen.",8,Weight in kilograms,,,489768,,489768,,1319735,,,0
H3,2012,2012,2012,4,0,1,Import,740,Suriname,SUR,780,Trinidad and Tobago,TTO,,,,,,,,1001,Wheat and meslin.,8,Weight in kilograms,,,60000,,60000,,31200,,,0
H3,2012,2012,2012,4,0,1,Import,740,Suriname,SUR,780,Trinidad and Tobago,TTO,,,,,,,,1507,"Soya-bean oil and its fractions, whether or not refined, but not chemically modified.",8,Weight in kilograms,,,83517,,83517,,134893,,,0
H3,2012,2012,2012,4,0,1,Import,740,Suriname,SUR,826,United Kingdom,GBR,,,,,,,,1001,Wheat and meslin.,8,Weight in kilograms,,,659830,,659830,,259313,,,0
H3,2012,2012,2012,4,0,2,Export,740,Suriname,SUR,826,United Kingdom,GBR,,,,,,,,1006,Rice.,8,Weight in kilograms,,,125250,,125250,,165000,,,0
H3,2012,2012,2012,4,0,1,Import,740,Suriname,SUR,842,USA,USA,,,,,,,,1006,Rice.,8,Weight in kilograms,,,11583,,11583,,17464,,,0
H3,2012,2012,2012,4,0,2,Export,740,Suriname,SUR,842,USA,USA,,,,,,,,1006,Rice.,8,Weight in kilograms,,,2372542,,2372542,,4161917,,,0
H3,2012,2012,2012,4,0,3,Re-Export,740,Suriname,SUR,842,USA,USA,,,,,,,,1006,Rice.,8,Weight in kilograms,,,2372492,,2372492,,4161882,,,0
H3,2012,2012,2012,4,0,1,Import,740,Suriname,SUR,842,USA,USA,,,,,,,,1001,Wheat and meslin.,8,Weight in kilograms,,,68504500,,68504500,,357555,,,0
H3,2012,2012,2012,4,0,1,Import,740,Suriname,SUR,842,USA,USA,,,,,,,,0207,"Meat and edible offal, of the poultry of heading 01.05, fresh, chilled or frozen.",8,Weight in kilograms,,,13099874,,13099874,,15968034,,,0
H3,2012,2012,2012,4,0,1,Import,740,Suriname,SUR,842,USA,USA,,,,,,,,1507,"Soya-bean oil and its fractions, whether or not refined, but not chemically modified.",8,Weight in kilograms,,,283797,,283797,,437023,,,0
H3,2012,2012,2012,4,0,2,Export,740,Suriname,SUR,842,USA,USA,,,,,,,,1507,"Soya-bean oil and its fractions, whether or not refined, but not chemically modified.",8,Weight in kilograms,,,4020,,4020,,6036,,,0
H3,2012,2012,2012,4,0,2,Export,740,Suriname,SUR,899,"Areas, nes",,,,,,,,,1006,Rice.,8,Weight in kilograms,,,112065,,112065,,193417,,,0
H3,2012,2012,2012,4,0,3,Re-Export,740,Suriname,SUR,899,"Areas, nes",,,,,,,,,1006,Rice.,8,Weight in kilograms,,,112065,,112065,,193417,,,0
H3,2013,2013,2013,4,0,1,Import,740,Suriname,SUR,0,World,WLD,,,,,,,,0207,"Meat and edible offal, of the poultry of heading 01.05, fresh, chilled or frozen.",8,Weight in kilograms,,,20144260,,20144260,,22247771,,,0
H3,2013,2013,2013,4,0,2,Export,740,Suriname,SUR,0,World,WLD,,,,,,,,0207,"Meat and edible offal, of the poultry of heading 01.05, fresh, chilled or frozen.",8,Weight in kilograms,,,134180,,134180,,119129,,,0
H3,2013,2013,2013,4,0,3,Re-Export,740,Suriname,SUR,0,World,WLD,,,,,,,,0207,"Meat and edible offal, of the poultry of heading 01.05, fresh, chilled or frozen.",8,Weight in kilograms,,,95060,,95060,,87097,,,0
H3,2013,2013,2013,4,0,1,Import,740,Suriname,SUR,0,World,WLD,,,,,,,,1001,Wheat and meslin.,8,Weight in kilograms,,,13653457,,13653457,,6404447,,,0
H3,2013,2013,2013,4,0,2,Export,740,Suriname,SUR,0,World,WLD,,,,,,,,1001,Wheat and meslin.,8,Weight in kilograms,,,115367,,115367,,103928,,,0
H3,2013,2013,2013,4,0,1,Import,740,Suriname,SUR,0,World,WLD,,,,,,,,1006,Rice.,8,Weight in kilograms,,,664411,,664411,,367108,,,0
H3,2013,2013,2013,4,0,2,Export,740,Suriname,SUR,0,World,WLD,,,,,,,,1006,Rice.,8,Weight in kilograms,,,74970874,,74970874,,39557466,,,0
H3,2013,2013,2013,4,0,1,Import,740,Suriname,SUR,0,World,WLD,,,,,,,,1507,"Soya-bean oil and its fractions, whether or not refined, but not chemically modified.",8,Weight in kilograms,,,8726441,,8726441,,12500456,,,0
H3,2013,2013,2013,4,0,2,Export,740,Suriname,SUR,0,World,WLD,,,,,,,,1507,"Soya-bean oil and its fractions, whether or not refined, but not chemically modified.",8,Weight in kilograms,,,422482,,422482,,566489,,,0
H3,2013,2013,2013,4,0,3,Re-Export,740,Suriname,SUR,0,World,WLD,,,,,,,,1507,"Soya-bean oil and its fractions, whether or not refined, but not chemically modified.",8,Weight in kilograms,,,422162,,422162,,565430,,,0
H3,2013,2013,2013,4,0,1,Import,740,Suriname,SUR,32,Argentina,ARG,,,,,,,,1507,"Soya-bean oil and its fractions, whether or not refined, but not chemically modified.",8,Weight in kilograms,,,954123,,954123,,1359431,,,0
H3,2013,2013,2013,4,0,2,Export,740,Suriname,SUR,52,Barbados,BRB,,,,,,,,1001,Wheat and meslin.,8,Weight in kilograms,,,113117,,113117,,102255,,,0
H3,2013,2013,2013,4,0,2,Export,740,Suriname,SUR,56,Belgium,BEL,,,,,,,,1006,Rice.,8,Weight in kilograms,,,125000,,125000,,48750,,,0
H3,2013,2013,2013,4,0,1,Import,740,Suriname,SUR,56,Belgium,BEL,,,,,,,,1507,"Soya-bean oil and its fractions, whether or not refined, but not chemically modified.",8,Weight in kilograms,,,81404,,81404,,116703,,,0
H3,2013,2013,2013,4,0,1,Import,740,Suriname,SUR,76,Brazil,BRA,,,,,,,,1507,"Soya-bean oil and its fractions, whether or not refined, but not chemically modified.",8,Weight in kilograms,,,1653832,,1653832,,2353724,,,0
H3,2013,2013,2013,4,0,1,Import,740,Suriname,SUR,76,Brazil,BRA,,,,,,,,0207,"Meat and edible offal, of the poultry of heading 01.05, fresh, chilled or frozen.",8,Weight in kilograms,,,3706935,,3706935,,5864953,,,0
H3,2013,2013,2013,4,0,1,Import,740,Suriname,SUR,124,Canada,CAN,,,,,,,,1507,"Soya-bean oil and its fractions, whether or not refined, but not chemically modified.",8,Weight in kilograms,,,17629,,17629,,21445,,,0
H3,2013,2013,2013,4,0,1,Import,740,Suriname,SUR,251,France,FRA,,,,,,,,1507,"Soya-bean oil and its fractions, whether or not refined, but not chemically modified.",8,Weight in kilograms,,,173711,,173711,,250854,,,0
H3,2013,2013,2013,4,0,1,Import,740,Suriname,SUR,251,France,FRA,,,,,,,,0207,"Meat and edible offal, of the poultry of heading 01.05, fresh, chilled or frozen.",8,Weight in kilograms,,,8083,,8083,,27706,,,0
H3,2013,2013,2013,4,0,1,Import,740,Suriname,SUR,251,France,FRA,,,,,,,,1001,Wheat and meslin.,8,Weight in kilograms,,,12513597,,12513597,,5858892,,,0
H3,2013,2013,2013,4,0,2,Export,740,Suriname,SUR,251,France,FRA,,,,,,,,1001,Wheat and meslin.,8,Weight in kilograms,,,2250,,2250,,1673,,,0
H3,2013,2013,2013,4,0,2,Export,740,Suriname,SUR,251,France,FRA,,,,,,,,1006,Rice.,8,Weight in kilograms,,,4643809,,4643809,,2389769,,,0
H3,2013,2013,2013,4,0,1,Import,740,Suriname,SUR,276,Germany,DEU,,,,,,,,1001,Wheat and meslin.,8,Weight in kilograms,,,955860,,955860,,452802,,,0
H3,2013,2013,2013,4,0,1,Import,740,Suriname,SUR,276,Germany,DEU,,,,,,,,0207,"Meat and edible offal, of the poultry of heading 01.05, fresh, chilled or frozen.",8,Weight in kilograms,,,183994,,183994,,250713,,,0
H3,2013,2013,2013,4,0,2,Export,740,Suriname,SUR,328,Guyana,GUY,,,,,,,,0207,"Meat and edible offal, of the poultry of heading 01.05, fresh, chilled or frozen.",8,Weight in kilograms,,,80760,,80760,,77729,,,0
H3,2013,2013,2013,4,0,3,Re-Export,740,Suriname,SUR,328,Guyana,GUY,,,,,,,,0207,"Meat and edible offal, of the poultry of heading 01.05, fresh, chilled or frozen.",8,Weight in kilograms,,,71860,,71860,,69117,,,0
H3,2013,2013,2013,4,0,1,Import,740,Suriname,SUR,328,Guyana,GUY,,,,,,,,1006,Rice.,8,Weight in kilograms,,,477888,,477888,,166539,,,0
H3,2013,2013,2013,4,0,2,Export,740,Suriname,SUR,328,Guyana,GUY,,,,,,,,1507,"Soya-bean oil and its fractions, whether or not refined, but not chemically modified.",8,Weight in kilograms,,,422162,,422162,,565430,,,0
H3,2013,2013,2013,4,0,3,Re-Export,740,Suriname,SUR,328,Guyana,GUY,,,,,,,,1507,"Soya-bean oil and its fractions, whether or not refined, but not chemically modified.",8,Weight in kilograms,,,422162,,422162,,565430,,,0
H3,2013,2013,2013,4,0,2,Export,740,Suriname,SUR,332,Haiti,HTI,,,,,,,,1006,Rice.,8,Weight in kilograms,,,2050310,,2050310,,945750,,,0
H3,2013,2013,2013,4,0,2,Export,740,Suriname,SUR,388,Jamaica,JAM,,,,,,,,1006,Rice.,8,Weight in kilograms,,,57226293,,57226293,,34003837,,,0
H3,2013,2013,2013,4,0,1,Import,740,Suriname,SUR,458,Malaysia,MYS,,,,,,,,1507,"Soya-bean oil and its fractions, whether or not refined, but not chemically modified.",8,Weight in kilograms,,,22150,,22150,,35090,,,0
H3,2013,2013,2013,4,0,1,Import,740,Suriname,SUR,528,Netherlands,NLD,,,,,,,,1507,"Soya-bean oil and its fractions, whether or not refined, but not chemically modified.",8,Weight in kilograms,,,5175424,,5175424,,7487059,,,0
H3,2013,2013,2013,4,0,2,Export,740,Suriname,SUR,528,Netherlands,NLD,,,,,,,,1507,"Soya-bean oil and its fractions, whether or not refined, but not chemically modified.",8,Weight in kilograms,,,320,,320,,1059,,,0
H3,2013,2013,2013,4,0,1,Import,740,Suriname,SUR,528,Netherlands,NLD,,,,,,,,1006,Rice.,8,Weight in kilograms,,,30410,,30410,,29200,,,0
H3,2013,2013,2013,4,0,2,Export,740,Suriname,SUR,528,Netherlands,NLD,,,,,,,,1006,Rice.,8,Weight in kilograms,,,404602,,404602,,150245,,,0
H3,2013,2013,2013,4,0,1,Import,740,Suriname,SUR,528,Netherlands,NLD,,,,,,,,0207,"Meat and edible offal, of the poultry of heading 01.05, fresh, chilled or frozen.",8,Weight in kilograms,,,70775,,70775,,189197,,,0
H3,2013,2013,2013,4,0,2,Export,740,Suriname,SUR,533,Aruba,ABW,,,,,,,,1006,Rice.,8,Weight in kilograms,,,6938860,,6938860,,290672,,,0
H3,2013,2013,2013,4,0,2,Export,740,Suriname,SUR,591,Panama,PAN,,,,,,,,1006,Rice.,8,Weight in kilograms,,,750000,,750000,,405000,,,0
H3,2013,2013,2013,4,0,1,Import,740,Suriname,SUR,764,Thailand,THA,,,,,,,,1006,Rice.,8,Weight in kilograms,,,143848,,143848,,155313,,,0
H3,2013,2013,2013,4,0,2,Export,740,Suriname,SUR,780,Trinidad and Tobago,TTO,,,,,,,,1006,Rice.,8,Weight in kilograms,,,707000,,707000,,433443,,,0
H3,2013,2013,2013,4,0,1,Import,740,Suriname,SUR,780,Trinidad and Tobago,TTO,,,,,,,,0207,"Meat and edible offal, of the poultry of heading 01.05, fresh, chilled or frozen.",8,Weight in kilograms,,,551039,,551039,,1481310,,,0
H3,2013,2013,2013,4,0,1,Import,740,Suriname,SUR,780,Trinidad and Tobago,TTO,,,,,,,,1001,Wheat and meslin.,8,Weight in kilograms,,,158000,,158000,,80080,,,0
H3,2013,2013,2013,4,0,1,Import,740,Suriname,SUR,780,Trinidad and Tobago,TTO,,,,,,,,1507,"Soya-bean oil and its fractions, whether or not refined, but not chemically modified.",8,Weight in kilograms,,,413804,,413804,,614609,,,0
H3,2013,2013,2013,4,0,1,Import,740,Suriname,SUR,784,United Arab Emirates,ARE,,,,,,,,0207,"Meat and edible offal, of the poultry of heading 01.05, fresh, chilled or frozen.",8,Weight in kilograms,,,54783,,54783,,109141,,,0
H3,2013,2013,2013,4,0,2,Export,740,Suriname,SUR,826,United Kingdom,GBR,,,,,,,,1006,Rice.,8,Weight in kilograms,,,125000,,125000,,110000,,,0
H3,2013,2013,2013,4,0,1,Import,740,Suriname,SUR,842,USA,USA,,,,,,,,1006,Rice.,8,Weight in kilograms,,,12264,,12264,,16056,,,0
H3,2013,2013,2013,4,0,2,Export,740,Suriname,SUR,842,USA,USA,,,,,,,,1006,Rice.,8,Weight in kilograms,,,2000000,,2000000,,780000,,,0
H3,2013,2013,2013,4,0,1,Import,740,Suriname,SUR,842,USA,USA,,,,,,,,0207,"Meat and edible offal, of the poultry of heading 01.05, fresh, chilled or frozen.",8,Weight in kilograms,,,15568651,,15568651,,14324752,,,0
H3,2013,2013,2013,4,0,1,Import,740,Suriname,SUR,842,USA,USA,,,,,,,,1001,Wheat and meslin.,8,Weight in kilograms,,,26000,,26000,,12674,,,0
H3,2013,2013,2013,4,0,1,Import,740,Suriname,SUR,842,USA,USA,,,,,,,,1507,"Soya-bean oil and its fractions, whether or not refined, but not chemically modified.",8,Weight in kilograms,,,234364,,234364,,261541,,,0
H3,2013,2013,2013,4,0,2,Export,740,Suriname,SUR,862,Venezuela,VEN,,,,,,,,0207,"Meat and edible offal, of the poultry of heading 01.05, fresh, chilled or frozen.",8,Weight in kilograms,,,53420,,53420,,41400,,,0
H3,2013,2013,2013,4,0,3,Re-Export,740,Suriname,SUR,862,Venezuela,VEN,,,,,,,,0207,"Meat and edible offal, of the poultry of heading 01.05, fresh, chilled or frozen.",8,Weight in kilograms,,,23200,,23200,,17980,,,0
H3,2014,2014,2014,4,0,1,Import,740,Suriname,SUR,0,World,WLD,,,,,,,,0207,"Meat and edible offal, of the poultry of heading 01.05, fresh, chilled or frozen.",8,Weight in kilograms,,,18744100,,18744100,,22668913,,,0
H3,2014,2014,2014,4,0,2,Export,740,Suriname,SUR,0,World,WLD,,,,,,,,0207,"Meat and edible offal, of the poultry of heading 01.05, fresh, chilled or frozen.",8,Weight in kilograms,,,3230025,,3230025,,3352847,,,0
H3,2014,2014,2014,4,0,3,Re-Export,740,Suriname,SUR,0,World,WLD,,,,,,,,0207,"Meat and edible offal, of the poultry of heading 01.05, fresh, chilled or frozen.",8,Weight in kilograms,,,3179746,,3179746,,3308753,,,0
H3,2014,2014,2014,4,0,1,Import,740,Suriname,SUR,0,World,WLD,,,,,,,,1006,Rice.,8,Weight in kilograms,,,1549602,,1549602,,732550,,,0
H3,2014,2014,2014,4,0,2,Export,740,Suriname,SUR,0,World,WLD,,,,,,,,1006,Rice.,8,Weight in kilograms,,,101846232,,101846232,,51292565,,,0
H3,2014,2014,2014,4,0,3,Re-Export,740,Suriname,SUR,0,World,WLD,,,,,,,,1006,Rice.,8,Weight in kilograms,,,1967,,1967,,2654,,,0
H3,2014,2014,2014,4,0,1,Import,740,Suriname,SUR,0,World,WLD,,,,,,,,1507,"Soya-bean oil and its fractions, whether or not refined, but not chemically modified.",8,Weight in kilograms,,,9219039,,9219039,,11181010,,,0
H3,2014,2014,2014,4,0,2,Export,740,Suriname,SUR,0,World,WLD,,,,,,,,1507,"Soya-bean oil and its fractions, whether or not refined, but not chemically modified.",8,Weight in kilograms,,,3000649,,3000649,,3676020,,,0
H3,2014,2014,2014,4,0,3,Re-Export,740,Suriname,SUR,0,World,WLD,,,,,,,,1507,"Soya-bean oil and its fractions, whether or not refined, but not chemically modified.",8,Weight in kilograms,,,2588863,,2588863,,3252753,,,0
H3,2014,2014,2014,4,0,1,Import,740,Suriname,SUR,0,World,WLD,,,,,,,,1001,Wheat and meslin.,8,Weight in kilograms,,,19338997,,19338997,,7997062,,,0
H3,2014,2014,2014,4,0,2,Export,740,Suriname,SUR,0,World,WLD,,,,,,,,1001,Wheat and meslin.,8,Weight in kilograms,,,584203,,584203,,347151,,,0
H3,2014,2014,2014,4,0,1,Import,740,Suriname,SUR,28,Antigua and Barbuda,ATG,,,,,,,,1507,"Soya-bean oil and its fractions, whether or not refined, but not chemically modified.",8,Weight in kilograms,,,95091,,95091,,113118,,,0
H3,2014,2014,2014,4,0,1,Import,740,Suriname,SUR,32,Argentina,ARG,,,,,,,,1507,"Soya-bean oil and its fractions, whether or not refined, but not chemically modified.",8,Weight in kilograms,,,1701878,,1701878,,2191031,,,0
H3,2014,2014,2014,4,0,1,Import,740,Suriname,SUR,32,Argentina,ARG,,,,,,,,0207,"Meat and edible offal, of the poultry of heading 01.05, fresh, chilled or frozen.",8,Weight in kilograms,,,28600,,28600,,27000,,,0
H3,2014,2014,2014,4,0,1,Import,740,Suriname,SUR,48,Bahrain,BHR,,,,,,,,1006,Rice.,8,Weight in kilograms,,,480,,480,,1006,,,0
H3,2014,2014,2014,4,0,2,Export,740,Suriname,SUR,52,Barbados,BRB,,,,,,,,1001,Wheat and meslin.,8,Weight in kilograms,,,23178,,23178,,16392,,,0
H3,2014,2014,2014,4,0,1,Import,740,Suriname,SUR,56,Belgium,BEL,,,,,,,,1001,Wheat and meslin.,8,Weight in kilograms,,,1553730,,1553730,,1238249,,,0
H3,2014,2014,2014,4,0,1,Import,740,Suriname,SUR,56,Belgium,BEL,,,,,,,,1507,"Soya-bean oil and its fractions, whether or not refined, but not chemically modified.",8,Weight in kilograms,,,220566,,220566,,285135,,,0
H3,2014,2014,2014,4,0,1,Import,740,Suriname,SUR,56,Belgium,BEL,,,,,,,,0207,"Meat and edible offal, of the poultry of heading 01.05, fresh, chilled or frozen.",8,Weight in kilograms,,,9738,,9738,,16873,,,0
H3,2014,2014,2014,4,0,1,Import,740,Suriname,SUR,76,Brazil,BRA,,,,,,,,0207,"Meat and edible offal, of the poultry of heading 01.05, fresh, chilled or frozen.",8,Weight in kilograms,,,3467808,,3467808,,5710615,,,0
H3,2014,2014,2014,4,0,1,Import,740,Suriname,SUR,76,Brazil,BRA,,,,,,,,1507,"Soya-bean oil and its fractions, whether or not refined, but not chemically modified.",8,Weight in kilograms,,,1105763,,1105763,,1385022,,,0
H3,2014,2014,2014,4,0,2,Export,740,Suriname,SUR,76,Brazil,BRA,,,,,,,,1001,Wheat and meslin.,8,Weight in kilograms,,,291000,,291000,,182422,,,0
H3,2014,2014,2014,4,0,2,Export,740,Suriname,SUR,214,Dominican Rep.,DOM,,,,,,,,1006,Rice.,8,Weight in kilograms,,,1164,,1164,,4950,,,0
H3,2014,2014,2014,4,0,2,Export,740,Suriname,SUR,251,France,FRA,,,,,,,,1006,Rice.,8,Weight in kilograms,,,4623669,,4623669,,2193823,,,0
H3,2014,2014,2014,4,0,1,Import,740,Suriname,SUR,251,France,FRA,,,,,,,,0207,"Meat and edible offal, of the poultry of heading 01.05, fresh, chilled or frozen.",8,Weight in kilograms,,,27137,,27137,,22049,,,0
H3,2014,2014,2014,4,0,1,Import,740,Suriname,SUR,251,France,FRA,,,,,,,,1001,Wheat and meslin.,8,Weight in kilograms,,,15475736,,15475736,,5851943,,,0
H3,2014,2014,2014,4,0,2,Export,740,Suriname,SUR,251,France,FRA,,,,,,,,1001,Wheat and meslin.,8,Weight in kilograms,,,97000,,97000,,55631,,,0
H3,2014,2014,2014,4,0,1,Import,740,Suriname,SUR,251,France,FRA,,,,,,,,1507,"Soya-bean oil and its fractions, whether or not refined, but not chemically modified.",8,Weight in kilograms,,,74867,,74867,,95192,,,0
H3,2014,2014,2014,4,0,1,Import,740,Suriname,SUR,276,Germany,DEU,,,,,,,,1001,Wheat and meslin.,8,Weight in kilograms,,,46759,,46759,,12310,,,0
H3,2014,2014,2014,4,0,1,Import,740,Suriname,SUR,328,Guyana,GUY,,,,,,,,1001,Wheat and meslin.,8,Weight in kilograms,,,40000,,40000,,18300,,,0
H3,2014,2014,2014,4,0,2,Export,740,Suriname,SUR,328,Guyana,GUY,,,,,,,,1001,Wheat and meslin.,8,Weight in kilograms,,,11025,,11025,,7524,,,0
H3,2014,2014,2014,4,0,1,Import,740,Suriname,SUR,328,Guyana,GUY,,,,,,,,1507,"Soya-bean oil and its fractions, whether or not refined, but not chemically modified.",8,Weight in kilograms,,,4500,,4500,,1878,,,0
H3,2014,2014,2014,4,0,2,Export,740,Suriname,SUR,328,Guyana,GUY,,,,,,,,1507,"Soya-bean oil and its fractions, whether or not refined, but not chemically modified.",8,Weight in kilograms,,,2713257,,2713257,,3319838,,,0
H3,2014,2014,2014,4,0,3,Re-Export,740,Suriname,SUR,328,Guyana,GUY,,,,,,,,1507,"Soya-bean oil and its fractions, whether or not refined, but not chemically modified.",8,Weight in kilograms,,,2377450,,2377450,,2988700,,,0
H3,2014,2014,2014,4,0,1,Import,740,Suriname,SUR,328,Guyana,GUY,,,,,,,,0207,"Meat and edible offal, of the poultry of heading 01.05, fresh, chilled or frozen.",8,Weight in kilograms,,,8191,,8191,,32875,,,0
H3,2014,2014,2014,4,0,2,Export,740,Suriname,SUR,328,Guyana,GUY,,,,,,,,0207,"Meat and edible offal, of the poultry of heading 01.05, fresh, chilled or frozen.",8,Weight in kilograms,,,447167,,447167,,439902,,,0
H3,2014,2014,2014,4,0,3,Re-Export,740,Suriname,SUR,328,Guyana,GUY,,,,,,,,0207,"Meat and edible offal, of the poultry of heading 01.05, fresh, chilled or frozen.",8,Weight in kilograms,,,447167,,447167,,439902,,,0
H3,2014,2014,2014,4,0,1,Import,740,Suriname,SUR,328,Guyana,GUY,,,,,,,,1006,Rice.,8,Weight in kilograms,,,1052175,,1052175,,376640,,,0
H3,2014,2014,2014,4,0,2,Export,740,Suriname,SUR,328,Guyana,GUY,,,,,,,,1006,Rice.,8,Weight in kilograms,,,50000,,50000,,20299,,,0
H3,2014,2014,2014,4,0,2,Export,740,Suriname,SUR,332,Haiti,HTI,,,,,,,,1006,Rice.,8,Weight in kilograms,,,6474780,,6474780,,2276839,,,0
H3,2014,2014,2014,4,0,2,Export,740,Suriname,SUR,388,Jamaica,JAM,,,,,,,,1006,Rice.,8,Weight in kilograms,,,65102571,,65102571,,35648762,,,0
H3,2014,2014,2014,4,0,2,Export,740,Suriname,SUR,388,Jamaica,JAM,,,,,,,,1001,Wheat and meslin.,8,Weight in kilograms,,,162000,,162000,,85181,,,0
H3,2014,2014,2014,4,0,1,Import,740,Suriname,SUR,458,Malaysia,MYS,,,,,,,,1006,Rice.,8,Weight in kilograms,,,44400,,44400,,52575,,,0
H3,2014,2014,2014,4,0,1,Import,740,Suriname,SUR,484,Mexico,MEX,,,,,,,,1507,"Soya-bean oil and its fractions, whether or not refined, but not chemically modified.",8,Weight in kilograms,,,216342,,216342,,65903,,,0
H3,2014,2014,2014,4,0,1,Import,740,Suriname,SUR,520,Nauru,NRU,,,,,,,,0207,"Meat and edible offal, of the poultry of heading 01.05, fresh, chilled or frozen.",8,Weight in kilograms,,,15236,,15236,,36452,,,0
H3,2014,2014,2014,4,0,1,Import,740,Suriname,SUR,528,Netherlands,NLD,,,,,,,,0207,"Meat and edible offal, of the poultry of heading 01.05, fresh, chilled or frozen.",8,Weight in kilograms,,,198444,,198444,,182145,,,0
H3,2014,2014,2014,4,0,1,Import,740,Suriname,SUR,528,Netherlands,NLD,,,,,,,,1006,Rice.,8,Weight in kilograms,,,21842,,21842,,34118,,,0
H3,2014,2014,2014,4,0,2,Export,740,Suriname,SUR,528,Netherlands,NLD,,,,,,,,1006,Rice.,8,Weight in kilograms,,,1002845,,1002845,,244205,,,0
H3,2014,2014,2014,4,0,1,Import,740,Suriname,SUR,528,Netherlands,NLD,,,,,,,,1507,"Soya-bean oil and its fractions, whether or not refined, but not chemically modified.",8,Weight in kilograms,,,5113152,,5113152,,6249152,,,0
H3,2014,2014,2014,4,0,1,Import,740,Suriname,SUR,528,Netherlands,NLD,,,,,,,,1001,Wheat and meslin.,8,Weight in kilograms,,,1627479,,1627479,,657069,,,0
H3,2014,2014,2014,4,0,2,Export,740,Suriname,SUR,531,Cura√ßao,CUW,,,,,,,,1006,Rice.,8,Weight in kilograms,,,125820,,125820,,80170,,,0
H3,2014,2014,2014,4,0,2,Export,740,Suriname,SUR,533,Aruba,ABW,,,,,,,,1006,Rice.,8,Weight in kilograms,,,617919,,617919,,372258,,,0
H3,2014,2014,2014,4,0,2,Export,740,Suriname,SUR,591,Panama,PAN,,,,,,,,1006,Rice.,8,Weight in kilograms,,,13458868,,13458868,,6323827,,,0
H3,2014,2014,2014,4,0,1,Import,740,Suriname,SUR,591,Panama,PAN,,,,,,,,0207,"Meat and edible offal, of the poultry of heading 01.05, fresh, chilled or frozen.",8,Weight in kilograms,,,27963,,27963,,50336,,,0
H3,2014,2014,2014,4,0,2,Export,740,Suriname,SUR,620,Portugal,PRT,,,,,,,,1006,Rice.,8,Weight in kilograms,,,9214820,,9214820,,3625877,,,0
H3,2014,2014,2014,4,0,2,Export,740,Suriname,SUR,670,Saint Vincent and the Grenadines,VCT,,,,,,,,1006,Rice.,8,Weight in kilograms,,,1164,,1164,,4950,,,0
H3,2014,2014,2014,4,0,1,Import,740,Suriname,SUR,699,India,IND,,,,,,,,1006,Rice.,8,Weight in kilograms,,,602,,602,,1776,,,0
H3,2014,2014,2014,4,0,1,Import,740,Suriname,SUR,764,Thailand,THA,,,,,,,,1006,Rice.,8,Weight in kilograms,,,245211,,245211,,228411,,,0
H3,2014,2014,2014,4,0,1,Import,740,Suriname,SUR,780,Trinidad and Tobago,TTO,,,,,,,,1006,Rice.,8,Weight in kilograms,,,177625,,177625,,29932,,,0
H3,2014,2014,2014,4,0,2,Export,740,Suriname,SUR,780,Trinidad and Tobago,TTO,,,,,,,,1006,Rice.,8,Weight in kilograms,,,650645,,650645,,360571,,,0
H3,2014,2014,2014,4,0,1,Import,740,Suriname,SUR,780,Trinidad and Tobago,TTO,,,,,,,,0207,"Meat and edible offal, of the poultry of heading 01.05, fresh, chilled or frozen.",8,Weight in kilograms,,,469826,,469826,,1363865,,,0
H3,2014,2014,2014,4,0,1,Import,740,Suriname,SUR,780,Trinidad and Tobago,TTO,,,,,,,,1001,Wheat and meslin.,8,Weight in kilograms,,,70000,,70000,,36566,,,0
H3,2014,2014,2014,4,0,1,Import,740,Suriname,SUR,780,Trinidad and Tobago,TTO,,,,,,,,1507,"Soya-bean oil and its fractions, whether or not refined, but not chemically modified.",8,Weight in kilograms,,,457962,,457962,,555402,,,0
H3,2014,2014,2014,4,0,2,Export,740,Suriname,SUR,826,United Kingdom,GBR,,,,,,,,1006,Rice.,8,Weight in kilograms,,,520000,,520000,,133380,,,0
H3,2014,2014,2014,4,0,1,Import,740,Suriname,SUR,842,USA,USA,,,,,,,,1006,Rice.,8,Weight in kilograms,,,7267,,7267,,8093,,,0
H3,2014,2014,2014,4,0,1,Import,740,Suriname,SUR,842,USA,USA,,,,,,,,0207,"Meat and edible offal, of the poultry of heading 01.05, fresh, chilled or frozen.",8,Weight in kilograms,,,14491157,,14491157,,15226702,,,0
H3,2014,2014,2014,4,0,1,Import,740,Suriname,SUR,842,USA,USA,,,,,,,,1507,"Soya-bean oil and its fractions, whether or not refined, but not chemically modified.",8,Weight in kilograms,,,228919,,228919,,239178,,,0
H3,2014,2014,2014,4,0,1,Import,740,Suriname,SUR,842,USA,USA,,,,,,,,1001,Wheat and meslin.,8,Weight in kilograms,,,525293,,525293,,182625,,,0
H3,2014,2014,2014,4,0,2,Export,740,Suriname,SUR,862,Venezuela,VEN,,,,,,,,1507,"Soya-bean oil and its fractions, whether or not refined, but not chemically modified.",8,Weight in kilograms,,,287392,,287392,,356181,,,0
H3,2014,2014,2014,4,0,3,Re-Export,740,Suriname,SUR,862,Venezuela,VEN,,,,,,,,1507,"Soya-bean oil and its fractions, whether or not refined, but not chemically modified.",8,Weight in kilograms,,,211413,,211413,,264054,,,0
H3,2014,2014,2014,4,0,2,Export,740,Suriname,SUR,862,Venezuela,VEN,,,,,,,,0207,"Meat and edible offal, of the poultry of heading 01.05, fresh, chilled or frozen.",8,Weight in kilograms,,,2782859,,2782859,,2912944,,,0
H3,2014,2014,2014,4,0,3,Re-Export,740,Suriname,SUR,862,Venezuela,VEN,,,,,,,,0207,"Meat and edible offal, of the poultry of heading 01.05, fresh, chilled or frozen.",8,Weight in kilograms,,,2732580,,2732580,,2868851,,,0
H3,2014,2014,2014,4,0,2,Export,740,Suriname,SUR,862,Venezuela,VEN,,,,,,,,1006,Rice.,8,Weight in kilograms,,,1967,,1967,,2654,,,0
H3,2014,2014,2014,4,0,3,Re-Export,740,Suriname,SUR,862,Venezuela,VEN,,,,,,,,1006,Rice.,8,Weight in kilograms,,,1967,,1967,,2654,,,0
H3,2015,2015,2015,4,0,1,Import,740,Suriname,SUR,0,World,WLD,,,,,,,,1006,Rice.,8,Weight in kilograms,,,275112,,275112,,221096,,,0
H3,2015,2015,2015,4,0,2,Export,740,Suriname,SUR,0,World,WLD,,,,,,,,1006,Rice.,8,Weight in kilograms,,,25994205,,25994205,,10270400,,,0
H3,2015,2015,2015,4,0,1,Import,740,Suriname,SUR,0,World,WLD,,,,,,,,0207,"Meat and edible offal, of the poultry of heading 01.05, fresh, chilled or frozen.",8,Weight in kilograms,,,22921269,,22921269,,25993042,,,0
H3,2015,2015,2015,4,0,1,Import,740,Suriname,SUR,0,World,WLD,,,,,,,,1507,"Soya-bean oil and its fractions, whether or not refined, but not chemically modified.",8,Weight in kilograms,,,9927321,,9927321,,11498263,,,0
H3,2015,2015,2015,4,0,2,Export,740,Suriname,SUR,0,World,WLD,,,,,,,,1507,"Soya-bean oil and its fractions, whether or not refined, but not chemically modified.",8,Weight in kilograms,,,3197264,,3197264,,3699585,,,0
H3,2015,2015,2015,4,0,1,Import,740,Suriname,SUR,28,Antigua and Barbuda,ATG,,,,,,,,1507,"Soya-bean oil and its fractions, whether or not refined, but not chemically modified.",8,Weight in kilograms,,,25102,,25102,,32284,,,0
H3,2015,2015,2015,4,0,1,Import,740,Suriname,SUR,32,Argentina,ARG,,,,,,,,1507,"Soya-bean oil and its fractions, whether or not refined, but not chemically modified.",8,Weight in kilograms,,,2389405,,2389405,,2973063,,,0
H3,2015,2015,2015,4,0,1,Import,740,Suriname,SUR,56,Belgium,BEL,,,,,,,,1507,"Soya-bean oil and its fractions, whether or not refined, but not chemically modified.",8,Weight in kilograms,,,835438,,835438,,922772,,,0
H3,2015,2015,2015,4,0,2,Export,740,Suriname,SUR,56,Belgium,BEL,,,,,,,,1006,Rice.,8,Weight in kilograms,,,500000,,500000,,100000,,,0
H3,2015,2015,2015,4,0,1,Import,740,Suriname,SUR,76,Brazil,BRA,,,,,,,,1507,"Soya-bean oil and its fractions, whether or not refined, but not chemically modified.",8,Weight in kilograms,,,2259457,,2259457,,2569786,,,0
H3,2015,2015,2015,4,0,1,Import,740,Suriname,SUR,76,Brazil,BRA,,,,,,,,0207,"Meat and edible offal, of the poultry of heading 01.05, fresh, chilled or frozen.",8,Weight in kilograms,,,4174146,,4174146,,6693273,,,0
H3,2015,2015,2015,4,0,1,Import,740,Suriname,SUR,251,France,FRA,,,,,,,,0207,"Meat and edible offal, of the poultry of heading 01.05, fresh, chilled or frozen.",8,Weight in kilograms,,,39816,,39816,,67182,,,0
H3,2015,2015,2015,4,0,2,Export,740,Suriname,SUR,251,France,FRA,,,,,,,,1006,Rice.,8,Weight in kilograms,,,3663450,,3663450,,1194483,,,0
H3,2015,2015,2015,4,0,1,Import,740,Suriname,SUR,276,Germany,DEU,,,,,,,,1507,"Soya-bean oil and its fractions, whether or not refined, but not chemically modified.",8,Weight in kilograms,,,5900,,5900,,69585,,,0
H3,2015,2015,2015,4,0,2,Export,740,Suriname,SUR,328,Guyana,GUY,,,,,,,,1507,"Soya-bean oil and its fractions, whether or not refined, but not chemically modified.",8,Weight in kilograms,,,3183835,,3183835,,3684655,,,0
H3,2015,2015,2015,4,0,1,Import,740,Suriname,SUR,328,Guyana,GUY,,,,,,,,0207,"Meat and edible offal, of the poultry of heading 01.05, fresh, chilled or frozen.",8,Weight in kilograms,,,11766,,11766,,38730,,,0
H3,2015,2015,2015,4,0,1,Import,740,Suriname,SUR,328,Guyana,GUY,,,,,,,,1006,Rice.,8,Weight in kilograms,,,46000,,46000,,12900,,,0
H3,2015,2015,2015,4,0,2,Export,740,Suriname,SUR,328,Guyana,GUY,,,,,,,,1006,Rice.,8,Weight in kilograms,,,972500,,972500,,553150,,,0
H3,2015,2015,2015,4,0,2,Export,740,Suriname,SUR,332,Haiti,HTI,,,,,,,,1006,Rice.,8,Weight in kilograms,,,105000,,105000,,23100,,,0
H3,2015,2015,2015,4,0,2,Export,740,Suriname,SUR,388,Jamaica,JAM,,,,,,,,1006,Rice.,8,Weight in kilograms,,,8354835,,8354835,,3511323,,,0
H3,2015,2015,2015,4,0,1,Import,740,Suriname,SUR,528,Netherlands,NLD,,,,,,,,1006,Rice.,8,Weight in kilograms,,,33750,,33750,,31990,,,0
H3,2015,2015,2015,4,0,2,Export,740,Suriname,SUR,528,Netherlands,NLD,,,,,,,,1006,Rice.,8,Weight in kilograms,,,4106990,,4106990,,806610,,,0
H3,2015,2015,2015,4,0,1,Import,740,Suriname,SUR,528,Netherlands,NLD,,,,,,,,0207,"Meat and edible offal, of the poultry of heading 01.05, fresh, chilled or frozen.",8,Weight in kilograms,,,23773,,23773,,58553,,,0
H3,2015,2015,2015,4,0,1,Import,740,Suriname,SUR,528,Netherlands,NLD,,,,,,,,1507,"Soya-bean oil and its fractions, whether or not refined, but not chemically modified.",8,Weight in kilograms,,,3753270,,3753270,,4104780,,,0
H3,2015,2015,2015,4,0,2,Export,740,Suriname,SUR,531,Cura√ßao,CUW,,,,,,,,1006,Rice.,8,Weight in kilograms,,,110425,,110425,,77674,,,0
H3,2015,2015,2015,4,0,2,Export,740,Suriname,SUR,533,Aruba,ABW,,,,,,,,1006,Rice.,8,Weight in kilograms,,,20745,,20745,,19703,,,0
H3,2015,2015,2015,4,0,1,Import,740,Suriname,SUR,533,Aruba,ABW,,,,,,,,1507,"Soya-bean oil and its fractions, whether or not refined, but not chemically modified.",8,Weight in kilograms,,,153753,,153753,,199165,,,0
H3,2015,2015,2015,4,0,1,Import,740,Suriname,SUR,699,India,IND,,,,,,,,1006,Rice.,8,Weight in kilograms,,,3191,,3191,,6387,,,0
H3,2015,2015,2015,4,0,2,Export,740,Suriname,SUR,705,Slovenia,SVN,,,,,,,,1006,Rice.,8,Weight in kilograms,,,240000,,240000,,126000,,,0
H3,2015,2015,2015,4,0,2,Export,740,Suriname,SUR,757,Switzerland,CHE,,,,,,,,1006,Rice.,8,Weight in kilograms,,,725000,,725000,,220625,,,0
H3,2015,2015,2015,4,0,2,Export,740,Suriname,SUR,760,Syria,SYR,,,,,,,,1006,Rice.,8,Weight in kilograms,,,120000,,120000,,63000,,,0
H3,2015,2015,2015,4,0,1,Import,740,Suriname,SUR,764,Thailand,THA,,,,,,,,1006,Rice.,8,Weight in kilograms,,,174446,,174446,,156207,,,0
H3,2015,2015,2015,4,0,2,Export,740,Suriname,SUR,780,Trinidad and Tobago,TTO,,,,,,,,1006,Rice.,8,Weight in kilograms,,,325260,,325260,,132230,,,0
H3,2015,2015,2015,4,0,1,Import,740,Suriname,SUR,780,Trinidad and Tobago,TTO,,,,,,,,1507,"Soya-bean oil and its fractions, whether or not refined, but not chemically modified.",8,Weight in kilograms,,,48355,,48355,,56601,,,0
H3,2015,2015,2015,4,0,1,Import,740,Suriname,SUR,780,Trinidad and Tobago,TTO,,,,,,,,0207,"Meat and edible offal, of the poultry of heading 01.05, fresh, chilled or frozen.",8,Weight in kilograms,,,309512,,309512,,1262573,,,0
H3,2015,2015,2015,4,0,1,Import,740,Suriname,SUR,784,United Arab Emirates,ARE,,,,,,,,0207,"Meat and edible offal, of the poultry of heading 01.05, fresh, chilled or frozen.",8,Weight in kilograms,,,106553,,106553,,154172,,,0
H3,2015,2015,2015,4,0,1,Import,740,Suriname,SUR,804,Ukraine,UKR,,,,,,,,1507,"Soya-bean oil and its fractions, whether or not refined, but not chemically modified.",8,Weight in kilograms,,,81315,,81315,,95483,,,0
H3,2015,2015,2015,4,0,1,Import,740,Suriname,SUR,842,USA,USA,,,,,,,,1507,"Soya-bean oil and its fractions, whether or not refined, but not chemically modified.",8,Weight in kilograms,,,340480,,340480,,431823,,,0
H3,2015,2015,2015,4,0,1,Import,740,Suriname,SUR,842,USA,USA,,,,,,,,0207,"Meat and edible offal, of the poultry of heading 01.05, fresh, chilled or frozen.",8,Weight in kilograms,,,18255702,,18255702,,17718555,,,0
H3,2015,2015,2015,4,0,1,Import,740,Suriname,SUR,842,USA,USA,,,,,,,,1006,Rice.,8,Weight in kilograms,,,17723,,17723,,13610,,,0
H3,2015,2015,2015,4,0,2,Export,740,Suriname,SUR,862,Venezuela,VEN,,,,,,,,1006,Rice.,8,Weight in kilograms,,,6750000,,6750000,,3442500,,,0
H3,2015,2015,2015,4,0,2,Export,740,Suriname,SUR,862,Venezuela,VEN,,,,,,,,1507,"Soya-bean oil and its fractions, whether or not refined, but not chemically modified.",8,Weight in kilograms,,,13429,,13429,,14929,,,0
H3,2015,2015,2015,4,0,1,Import,740,Suriname,SUR,899,"Areas, nes",,,,,,,,,1507,"Soya-bean oil and its fractions, whether or not refined, but not chemically modified.",8,Weight in kilograms,,,34845,,34845,,42916,,,0
H3,2016,2016,2016,4,0,1,Import,740,Suriname,SUR,0,World,WLD,,,,,,,,1006,Rice.,8,Weight in kilograms,,,175303,,175303,,146352,,,0
H3,2016,2016,2016,4,0,2,Export,740,Suriname,SUR,0,World,WLD,,,,,,,,1006,Rice.,8,Weight in kilograms,,,45789708,,45789708,,16768312,,,0
H3,2016,2016,2016,4,0,1,Import,740,Suriname,SUR,0,World,WLD,,,,,,,,1507,"Soya-bean oil and its fractions, whether or not refined, but not chemically modified.",8,Weight in kilograms,,,6299405,,6299405,,6918149,,,0
H3,2016,2016,2016,4,0,2,Export,740,Suriname,SUR,0,World,WLD,,,,,,,,1507,"Soya-bean oil and its fractions, whether or not refined, but not chemically modified.",8,Weight in kilograms,,,821764,,821764,,952445,,,0
H3,2016,2016,2016,4,0,1,Import,740,Suriname,SUR,0,World,WLD,,,,,,,,0207,"Meat and edible offal, of the poultry of heading 01.05, fresh, chilled or frozen.",8,Weight in kilograms,,,22984988,,22984988,,18775247,,,0
H3,2016,2016,2016,4,0,1,Import,740,Suriname,SUR,32,Argentina,ARG,,,,,,,,1507,"Soya-bean oil and its fractions, whether or not refined, but not chemically modified.",8,Weight in kilograms,,,378092,,378092,,453354,,,0
H3,2016,2016,2016,4,0,1,Import,740,Suriname,SUR,56,Belgium,BEL,,,,,,,,1507,"Soya-bean oil and its fractions, whether or not refined, but not chemically modified.",8,Weight in kilograms,,,723252,,723252,,805835,,,0
H3,2016,2016,2016,4,0,2,Export,740,Suriname,SUR,56,Belgium,BEL,,,,,,,,1006,Rice.,8,Weight in kilograms,,,895000,,895000,,305502,,,0
H3,2016,2016,2016,4,0,1,Import,740,Suriname,SUR,76,Brazil,BRA,,,,,,,,1507,"Soya-bean oil and its fractions, whether or not refined, but not chemically modified.",8,Weight in kilograms,,,1094562,,1094562,,1157738,,,0
H3,2016,2016,2016,4,0,1,Import,740,Suriname,SUR,76,Brazil,BRA,,,,,,,,0207,"Meat and edible offal, of the poultry of heading 01.05, fresh, chilled or frozen.",8,Weight in kilograms,,,3031393,,3031393,,3770711,,,0
H3,2016,2016,2016,4,0,2,Export,740,Suriname,SUR,100,Bulgaria,BGR,,,,,,,,1006,Rice.,8,Weight in kilograms,,,24000,,24000,,10080,,,0
H3,2016,2016,2016,4,0,2,Export,740,Suriname,SUR,170,Colombia,COL,,,,,,,,1006,Rice.,8,Weight in kilograms,,,25000,,25000,,9750,,,0
H3,2016,2016,2016,4,0,2,Export,740,Suriname,SUR,251,France,FRA,,,,,,,,1006,Rice.,8,Weight in kilograms,,,2923570,,2923570,,1297557,,,0
H3,2016,2016,2016,4,0,1,Import,740,Suriname,SUR,251,France,FRA,,,,,,,,0207,"Meat and edible offal, of the poultry of heading 01.05, fresh, chilled or frozen.",8,Weight in kilograms,,,184677,,184677,,228828,,,0
H3,2016,2016,2016,4,0,2,Export,740,Suriname,SUR,288,Ghana,GHA,,,,,,,,1006,Rice.,8,Weight in kilograms,,,125000,,125000,,59562,,,0
H3,2016,2016,2016,4,0,1,Import,740,Suriname,SUR,328,Guyana,GUY,,,,,,,,0207,"Meat and edible offal, of the poultry of heading 01.05, fresh, chilled or frozen.",8,Weight in kilograms,,,5751,,5751,,14670,,,0
H3,2016,2016,2016,4,0,2,Export,740,Suriname,SUR,328,Guyana,GUY,,,,,,,,1507,"Soya-bean oil and its fractions, whether or not refined, but not chemically modified.",8,Weight in kilograms,,,655962,,655962,,770388,,,0
H3,2016,2016,2016,4,0,2,Export,740,Suriname,SUR,384,C√¥te d'Ivoire,CIV,,,,,,,,1006,Rice.,8,Weight in kilograms,,,45900,,45900,,25296,,,0
H3,2016,2016,2016,4,0,2,Export,740,Suriname,SUR,388,Jamaica,JAM,,,,,,,,1006,Rice.,8,Weight in kilograms,,,28067750,,28067750,,9474991,,,0
H3,2016,2016,2016,4,0,1,Import,740,Suriname,SUR,458,Malaysia,MYS,,,,,,,,1507,"Soya-bean oil and its fractions, whether or not refined, but not chemically modified.",8,Weight in kilograms,,,83265,,83265,,76500,,,0
H3,2016,2016,2016,4,0,1,Import,740,Suriname,SUR,528,Netherlands,NLD,,,,,,,,1507,"Soya-bean oil and its fractions, whether or not refined, but not chemically modified.",8,Weight in kilograms,,,3652874,,3652874,,4017895,,,0
H3,2016,2016,2016,4,0,1,Import,740,Suriname,SUR,528,Netherlands,NLD,,,,,,,,0207,"Meat and edible offal, of the poultry of heading 01.05, fresh, chilled or frozen.",8,Weight in kilograms,,,71062,,71062,,162094,,,0
H3,2016,2016,2016,4,0,1,Import,740,Suriname,SUR,528,Netherlands,NLD,,,,,,,,1006,Rice.,8,Weight in kilograms,,,18191,,18191,,10915,,,0
H3,2016,2016,2016,4,0,2,Export,740,Suriname,SUR,528,Netherlands,NLD,,,,,,,,1006,Rice.,8,Weight in kilograms,,,303748,,303748,,85026,,,0
H3,2016,2016,2016,4,0,2,Export,740,Suriname,SUR,531,Cura√ßao,CUW,,,,,,,,1006,Rice.,8,Weight in kilograms,,,47160,,47160,,26397,,,0
H3,2016,2016,2016,4,0,2,Export,740,Suriname,SUR,533,Aruba,ABW,,,,,,,,1006,Rice.,8,Weight in kilograms,,,2804090,,2804090,,440808,,,0
H3,2016,2016,2016,4,0,2,Export,740,Suriname,SUR,688,Serbia,SRB,,,,,,,,1006,Rice.,8,Weight in kilograms,,,120000,,120000,,50400,,,0
H3,2016,2016,2016,4,0,1,Import,740,Suriname,SUR,699,India,IND,,,,,,,,1006,Rice.,8,Weight in kilograms,,,22510,,22510,,16937,,,0
H3,2016,2016,2016,4,0,2,Export,740,Suriname,SUR,705,Slovenia,SVN,,,,,,,,1006,Rice.,8,Weight in kilograms,,,240000,,240000,,126000,,,0
H3,2016,2016,2016,4,0,2,Export,740,Suriname,SUR,757,Switzerland,CHE,,,,,,,,1006,Rice.,8,Weight in kilograms,,,1220000,,1220000,,455000,,,0
H3,2016,2016,2016,4,0,1,Import,740,Suriname,SUR,764,Thailand,THA,,,,,,,,1006,Rice.,8,Weight in kilograms,,,128035,,128035,,113773,,,0
H3,2016,2016,2016,4,0,2,Export,740,Suriname,SUR,780,Trinidad and Tobago,TTO,,,,,,,,1006,Rice.,8,Weight in kilograms,,,599490,,599490,,204488,,,0
H3,2016,2016,2016,4,0,1,Import,740,Suriname,SUR,780,Trinidad and Tobago,TTO,,,,,,,,0207,"Meat and edible offal, of the poultry of heading 01.05, fresh, chilled or frozen.",8,Weight in kilograms,,,172727,,172727,,672888,,,0
H3,2016,2016,2016,4,0,2,Export,740,Suriname,SUR,780,Trinidad and Tobago,TTO,,,,,,,,1507,"Soya-bean oil and its fractions, whether or not refined, but not chemically modified.",8,Weight in kilograms,,,3760,,3760,,1933,,,0
H3,2016,2016,2016,4,0,2,Export,740,Suriname,SUR,788,Tunisia,TUN,,,,,,,,1006,Rice.,8,Weight in kilograms,,,24000,,24000,,10800,,,0
H3,2016,2016,2016,4,0,1,Import,740,Suriname,SUR,842,USA,USA,,,,,,,,1006,Rice.,8,Weight in kilograms,,,6567,,6567,,4724,,,0
H3,2016,2016,2016,4,0,1,Import,740,Suriname,SUR,842,USA,USA,,,,,,,,1507,"Soya-bean oil and its fractions, whether or not refined, but not chemically modified.",8,Weight in kilograms,,,348272,,348272,,398327,,,0
H3,2016,2016,2016,4,0,1,Import,740,Suriname,SUR,842,USA,USA,,,,,,,,0207,"Meat and edible offal, of the poultry of heading 01.05, fresh, chilled or frozen.",8,Weight in kilograms,,,19519378,,19519378,,13926053,,,0
H3,2016,2016,2016,4,0,2,Export,740,Suriname,SUR,862,Venezuela,VEN,,,,,,,,1507,"Soya-bean oil and its fractions, whether or not refined, but not chemically modified.",8,Weight in kilograms,,,162042,,162042,,180124,,,0
H3,2016,2016,2016,4,0,2,Export,740,Suriname,SUR,862,Venezuela,VEN,,,,,,,,1006,Rice.,8,Weight in kilograms,,,8325000,,8325000,,4186650,,,0
H3,2016,2016,2016,4,0,1,Import,740,Suriname,SUR,899,"Areas, nes",,,,,,,,,1507,"Soya-bean oil and its fractions, whether or not refined, but not chemically modified.",8,Weight in kilograms,,,19088,,19088,,8497,,,0
H3,2017,2017,2017,4,0,1,Import,740,Suriname,SUR,0,World,WLD,,,,,,,,1006,Rice.,8,Weight in kilograms,,,153224,,153224,,99677,,,0
H3,2017,2017,2017,4,0,2,Export,740,Suriname,SUR,0,World,WLD,,,,,,,,1006,Rice.,8,Weight in kilograms,,,41402179,,41402179,,15141518,,,0
H3,2017,2017,2017,4,0,1,Import,740,Suriname,SUR,0,World,WLD,,,,,,,,1507,"Soya-bean oil and its fractions, whether or not refined, but not chemically modified.",8,Weight in kilograms,,,5548423,,5548423,,6378860,,,0
H3,2017,2017,2017,4,0,2,Export,740,Suriname,SUR,0,World,WLD,,,,,,,,1507,"Soya-bean oil and its fractions, whether or not refined, but not chemically modified.",8,Weight in kilograms,,,142896,,142896,,152082,,,0
H3,2017,2017,2017,4,0,1,Import,740,Suriname,SUR,0,World,WLD,,,,,,,,0207,"Meat and edible offal, of the poultry of heading 01.05, fresh, chilled or frozen.",8,Weight in kilograms,,,17706179,,17706179,,14949826,,,0
H3,2017,2017,2017,4,0,1,Import,740,Suriname,SUR,32,Argentina,ARG,,,,,,,,1507,"Soya-bean oil and its fractions, whether or not refined, but not chemically modified.",8,Weight in kilograms,,,130873,,130873,,153554,,,0
H3,2017,2017,2017,4,0,1,Import,740,Suriname,SUR,56,Belgium,BEL,,,,,,,,1507,"Soya-bean oil and its fractions, whether or not refined, but not chemically modified.",8,Weight in kilograms,,,513734,,513734,,601973,,,0
H3,2017,2017,2017,4,0,2,Export,740,Suriname,SUR,56,Belgium,BEL,,,,,,,,1006,Rice.,8,Weight in kilograms,,,741910,,741910,,359543,,,0
H3,2017,2017,2017,4,0,1,Import,740,Suriname,SUR,76,Brazil,BRA,,,,,,,,1507,"Soya-bean oil and its fractions, whether or not refined, but not chemically modified.",8,Weight in kilograms,,,928467,,928467,,1051296,,,0
H3,2017,2017,2017,4,0,1,Import,740,Suriname,SUR,76,Brazil,BRA,,,,,,,,0207,"Meat and edible offal, of the poultry of heading 01.05, fresh, chilled or frozen.",8,Weight in kilograms,,,2109162,,2109162,,2485092,,,0
H3,2017,2017,2017,4,0,1,Import,740,Suriname,SUR,124,Canada,CAN,,,,,,,,0207,"Meat and edible offal, of the poultry of heading 01.05, fresh, chilled or frozen.",8,Weight in kilograms,,,27610,,27610,,26032,,,0
H3,2017,2017,2017,4,0,1,Import,740,Suriname,SUR,156,China,CHN,,,,,,,,1006,Rice.,8,Weight in kilograms,,,2230,,2230,,1203,,,0
H3,2017,2017,2017,4,0,2,Export,740,Suriname,SUR,170,Colombia,COL,,,,,,,,1006,Rice.,8,Weight in kilograms,,,100000,,100000,,39000,,,0
H3,2017,2017,2017,4,0,2,Export,740,Suriname,SUR,212,Dominica,DMA,,,,,,,,1006,Rice.,8,Weight in kilograms,,,10800,,10800,,4304,,,0
H3,2017,2017,2017,4,0,2,Export,740,Suriname,SUR,214,Dominican Rep.,DOM,,,,,,,,1006,Rice.,8,Weight in kilograms,,,50004,,50004,,27003,,,0
H3,2017,2017,2017,4,0,2,Export,740,Suriname,SUR,251,France,FRA,,,,,,,,1006,Rice.,8,Weight in kilograms,,,4362882,,4362882,,1696370,,,0
H3,2017,2017,2017,4,0,1,Import,740,Suriname,SUR,251,France,FRA,,,,,,,,0207,"Meat and edible offal, of the poultry of heading 01.05, fresh, chilled or frozen.",8,Weight in kilograms,,,114658,,114658,,156093,,,0
H3,2017,2017,2017,4,0,2,Export,740,Suriname,SUR,328,Guyana,GUY,,,,,,,,1507,"Soya-bean oil and its fractions, whether or not refined, but not chemically modified.",8,Weight in kilograms,,,135336,,135336,,143152,,,0
H3,2017,2017,2017,4,0,2,Export,740,Suriname,SUR,328,Guyana,GUY,,,,,,,,1006,Rice.,8,Weight in kilograms,,,1300000,,1300000,,351000,,,0
H3,2017,2017,2017,4,0,2,Export,740,Suriname,SUR,332,Haiti,HTI,,,,,,,,1006,Rice.,8,Weight in kilograms,,,2500000,,2500000,,975000,,,0
H3,2017,2017,2017,4,0,2,Export,740,Suriname,SUR,381,Italy,ITA,,,,,,,,1006,Rice.,8,Weight in kilograms,,,2000000,,2000000,,540000,,,0
H3,2017,2017,2017,4,0,1,Import,740,Suriname,SUR,388,Jamaica,JAM,,,,,,,,1006,Rice.,8,Weight in kilograms,,,50040,,50040,,18448,,,0
H3,2017,2017,2017,4,0,2,Export,740,Suriname,SUR,388,Jamaica,JAM,,,,,,,,1006,Rice.,8,Weight in kilograms,,,27385400,,27385400,,9695270,,,0
H3,2017,2017,2017,4,0,1,Import,740,Suriname,SUR,458,Malaysia,MYS,,,,,,,,1507,"Soya-bean oil and its fractions, whether or not refined, but not chemically modified.",8,Weight in kilograms,,,22440,,22440,,21867,,,0
H3,2017,2017,2017,4,0,1,Import,740,Suriname,SUR,528,Netherlands,NLD,,,,,,,,1507,"Soya-bean oil and its fractions, whether or not refined, but not chemically modified.",8,Weight in kilograms,,,3731795,,3731795,,4307104,,,0
H3,2017,2017,2017,4,0,1,Import,740,Suriname,SUR,528,Netherlands,NLD,,,,,,,,0207,"Meat and edible offal, of the poultry of heading 01.05, fresh, chilled or frozen.",8,Weight in kilograms,,,13331,,13331,,29542,,,0
H3,2017,2017,2017,4,0,1,Import,740,Suriname,SUR,528,Netherlands,NLD,,,,,,,,1006,Rice.,8,Weight in kilograms,,,12057,,12057,,9932,,,0
H3,2017,2017,2017,4,0,2,Export,740,Suriname,SUR,528,Netherlands,NLD,,,,,,,,1006,Rice.,8,Weight in kilograms,,,703004,,703004,,169827,,,0
H3,2017,2017,2017,4,0,2,Export,740,Suriname,SUR,531,Cura√ßao,CUW,,,,,,,,1006,Rice.,8,Weight in kilograms,,,75145,,75145,,38681,,,0
H3,2017,2017,2017,4,0,2,Export,740,Suriname,SUR,533,Aruba,ABW,,,,,,,,1006,Rice.,8,Weight in kilograms,,,548059,,548059,,475084,,,0
H3,2017,2017,2017,4,0,1,Import,740,Suriname,SUR,699,India,IND,,,,,,,,1006,Rice.,8,Weight in kilograms,,,19760,,19760,,11856,,,0
H3,2017,2017,2017,4,0,2,Export,740,Suriname,SUR,757,Switzerland,CHE,,,,,,,,1006,Rice.,8,Weight in kilograms,,,125000,,125000,,26875,,,0
H3,2017,2017,2017,4,0,1,Import,740,Suriname,SUR,764,Thailand,THA,,,,,,,,1006,Rice.,8,Weight in kilograms,,,68419,,68419,,56511,,,0
H3,2017,2017,2017,4,0,2,Export,740,Suriname,SUR,780,Trinidad and Tobago,TTO,,,,,,,,1006,Rice.,8,Weight in kilograms,,,325215,,325215,,114197,,,0
H3,2017,2017,2017,4,0,2,Export,740,Suriname,SUR,780,Trinidad and Tobago,TTO,,,,,,,,1507,"Soya-bean oil and its fractions, whether or not refined, but not chemically modified.",8,Weight in kilograms,,,7560,,7560,,8930,,,0
H3,2017,2017,2017,4,0,2,Export,740,Suriname,SUR,784,United Arab Emirates,ARE,,,,,,,,1006,Rice.,8,Weight in kilograms,,,19760,,19760,,12837,,,0
H3,2017,2017,2017,4,0,1,Import,740,Suriname,SUR,804,Ukraine,UKR,,,,,,,,0207,"Meat and edible offal, of the poultry of heading 01.05, fresh, chilled or frozen.",8,Weight in kilograms,,,25401,,25401,,24052,,,0
H3,2017,2017,2017,4,0,1,Import,740,Suriname,SUR,842,USA,USA,,,,,,,,0207,"Meat and edible offal, of the poultry of heading 01.05, fresh, chilled or frozen.",8,Weight in kilograms,,,15416016,,15416016,,12229013,,,0
H3,2017,2017,2017,4,0,1,Import,740,Suriname,SUR,842,USA,USA,,,,,,,,1507,"Soya-bean oil and its fractions, whether or not refined, but not chemically modified.",8,Weight in kilograms,,,221114,,221114,,243064,,,0
H3,2017,2017,2017,4,0,1,Import,740,Suriname,SUR,842,USA,USA,,,,,,,,1006,Rice.,8,Weight in kilograms,,,718,,718,,1725,,,0
H3,2017,2017,2017,4,0,2,Export,740,Suriname,SUR,862,Venezuela,VEN,,,,,,,,1006,Rice.,8,Weight in kilograms,,,1155000,,1155000,,616525,,,0
H3,2018,2018,2018,4,0,1,Import,740,Suriname,SUR,0,World,WLD,,,,,,,,1006,Rice.,8,Weight in kilograms,,,90497,,90497,,91950,,,0
H3,2018,2018,2018,4,0,2,Export,740,Suriname,SUR,0,World,WLD,,,,,,,,1006,Rice.,8,Weight in kilograms,,,46235793,,46235793,,17137450,,,0
H3,2018,2018,2018,4,0,1,Import,740,Suriname,SUR,0,World,WLD,,,,,,,,0207,"Meat and edible offal, of the poultry of heading 01.05, fresh, chilled or frozen.",8,Weight in kilograms,,,17134526,,17134526,,15412822,,,0
H3,2018,2018,2018,4,0,2,Export,740,Suriname,SUR,0,World,WLD,,,,,,,,0207,"Meat and edible offal, of the poultry of heading 01.05, fresh, chilled or frozen.",8,Weight in kilograms,,,840797,,840797,,153319,,,0
H3,2018,2018,2018,4,0,1,Import,740,Suriname,SUR,0,World,WLD,,,,,,,,1507,"Soya-bean oil and its fractions, whether or not refined, but not chemically modified.",8,Weight in kilograms,,,5159329,,5159329,,5960038,,,0
H3,2018,2018,2018,4,0,1,Import,740,Suriname,SUR,32,Argentina,ARG,,,,,,,,1507,"Soya-bean oil and its fractions, whether or not refined, but not chemically modified.",8,Weight in kilograms,,,25079,,25079,,30944,,,0
H3,2018,2018,2018,4,0,1,Import,740,Suriname,SUR,56,Belgium,BEL,,,,,,,,1507,"Soya-bean oil and its fractions, whether or not refined, but not chemically modified.",8,Weight in kilograms,,,164911,,164911,,191302,,,0
H3,2018,2018,2018,4,0,2,Export,740,Suriname,SUR,56,Belgium,BEL,,,,,,,,1006,Rice.,8,Weight in kilograms,,,125000,,125000,,56250,,,0
H3,2018,2018,2018,4,0,1,Import,740,Suriname,SUR,76,Brazil,BRA,,,,,,,,1507,"Soya-bean oil and its fractions, whether or not refined, but not chemically modified.",8,Weight in kilograms,,,1013600,,1013600,,1104082,,,0
H3,2018,2018,2018,4,0,1,Import,740,Suriname,SUR,76,Brazil,BRA,,,,,,,,0207,"Meat and edible offal, of the poultry of heading 01.05, fresh, chilled or frozen.",8,Weight in kilograms,,,1930906,,1930906,,2098929,,,0
H3,2018,2018,2018,4,0,1,Import,740,Suriname,SUR,124,Canada,CAN,,,,,,,,1507,"Soya-bean oil and its fractions, whether or not refined, but not chemically modified.",8,Weight in kilograms,,,25011,,25011,,28822,,,0
H3,2018,2018,2018,4,0,1,Import,740,Suriname,SUR,156,China,CHN,,,,,,,,1006,Rice.,8,Weight in kilograms,,,7218,,7218,,2476,,,0
H3,2018,2018,2018,4,0,1,Import,740,Suriname,SUR,251,France,FRA,,,,,,,,1006,Rice.,8,Weight in kilograms,,,10650,,10650,,2713,,,0
H3,2018,2018,2018,4,0,2,Export,740,Suriname,SUR,251,France,FRA,,,,,,,,1006,Rice.,8,Weight in kilograms,,,4582496,,4582496,,1880125,,,0
H3,2018,2018,2018,4,0,1,Import,740,Suriname,SUR,251,France,FRA,,,,,,,,0207,"Meat and edible offal, of the poultry of heading 01.05, fresh, chilled or frozen.",8,Weight in kilograms,,,85800,,85800,,130826,,,0
H3,2018,2018,2018,4,0,2,Export,740,Suriname,SUR,328,Guyana,GUY,,,,,,,,0207,"Meat and edible offal, of the poultry of heading 01.05, fresh, chilled or frozen.",8,Weight in kilograms,,,700724,,700724,,48570,,,0
H3,2018,2018,2018,4,0,1,Import,740,Suriname,SUR,328,Guyana,GUY,,,,,,,,1507,"Soya-bean oil and its fractions, whether or not refined, but not chemically modified.",8,Weight in kilograms,,,24855,,24855,,28740,,,0
H3,2018,2018,2018,4,0,2,Export,740,Suriname,SUR,332,Haiti,HTI,,,,,,,,1006,Rice.,8,Weight in kilograms,,,7000000,,7000000,,2625000,,,0
H3,2018,2018,2018,4,0,2,Export,740,Suriname,SUR,381,Italy,ITA,,,,,,,,1006,Rice.,8,Weight in kilograms,,,400000,,400000,,108000,,,0
H3,2018,2018,2018,4,0,2,Export,740,Suriname,SUR,388,Jamaica,JAM,,,,,,,,1006,Rice.,8,Weight in kilograms,,,22282750,,22282750,,9108328,,,0
H3,2018,2018,2018,4,0,1,Import,740,Suriname,SUR,458,Malaysia,MYS,,,,,,,,1507,"Soya-bean oil and its fractions, whether or not refined, but not chemically modified.",8,Weight in kilograms,,,134640,,134640,,121087,,,0
H3,2018,2018,2018,4,0,1,Import,740,Suriname,SUR,528,Netherlands,NLD,,,,,,,,1507,"Soya-bean oil and its fractions, whether or not refined, but not chemically modified.",8,Weight in kilograms,,,3506350,,3506350,,4161338,,,0
H3,2018,2018,2018,4,0,1,Import,740,Suriname,SUR,528,Netherlands,NLD,,,,,,,,0207,"Meat and edible offal, of the poultry of heading 01.05, fresh, chilled or frozen.",8,Weight in kilograms,,,1125,,1125,,1203,,,0
H3,2018,2018,2018,4,0,1,Import,740,Suriname,SUR,528,Netherlands,NLD,,,,,,,,1006,Rice.,8,Weight in kilograms,,,19464,,19464,,20382,,,0
H3,2018,2018,2018,4,0,2,Export,740,Suriname,SUR,528,Netherlands,NLD,,,,,,,,1006,Rice.,8,Weight in kilograms,,,2814380,,2814380,,630489,,,0
H3,2018,2018,2018,4,0,2,Export,740,Suriname,SUR,531,Cura√ßao,CUW,,,,,,,,1006,Rice.,8,Weight in kilograms,,,25495,,25495,,14254,,,0
H3,2018,2018,2018,4,0,2,Export,740,Suriname,SUR,533,Aruba,ABW,,,,,,,,1006,Rice.,8,Weight in kilograms,,,548082,,548082,,468060,,,0
H3,2018,2018,2018,4,0,2,Export,740,Suriname,SUR,616,Poland,POL,,,,,,,,1006,Rice.,8,Weight in kilograms,,,200000,,200000,,52000,,,0
H3,2018,2018,2018,4,0,2,Export,740,Suriname,SUR,620,Portugal,PRT,,,,,,,,1006,Rice.,8,Weight in kilograms,,,7488450,,7488450,,2016969,,,0
H3,2018,2018,2018,4,0,1,Import,740,Suriname,SUR,764,Thailand,THA,,,,,,,,1006,Rice.,8,Weight in kilograms,,,45815,,45815,,54031,,,0
H3,2018,2018,2018,4,0,2,Export,740,Suriname,SUR,780,Trinidad and Tobago,TTO,,,,,,,,1006,Rice.,8,Weight in kilograms,,,269140,,269140,,107972,,,0
H3,2018,2018,2018,4,0,1,Import,740,Suriname,SUR,784,United Arab Emirates,ARE,,,,,,,,1006,Rice.,8,Weight in kilograms,,,1684,,1684,,1232,,,0
H3,2018,2018,2018,4,0,1,Import,740,Suriname,SUR,784,United Arab Emirates,ARE,,,,,,,,0207,"Meat and edible offal, of the poultry of heading 01.05, fresh, chilled or frozen.",8,Weight in kilograms,,,14592,,14592,,8448,,,0
H3,2018,2018,2018,4,0,1,Import,740,Suriname,SUR,784,United Arab Emirates,ARE,,,,,,,,1507,"Soya-bean oil and its fractions, whether or not refined, but not chemically modified.",8,Weight in kilograms,,,16887,,16887,,38865,,,0
H3,2018,2018,2018,4,0,1,Import,740,Suriname,SUR,804,Ukraine,UKR,,,,,,,,1507,"Soya-bean oil and its fractions, whether or not refined, but not chemically modified.",8,Weight in kilograms,,,2600,,2600,,1853,,,0
H3,2018,2018,2018,4,0,2,Export,740,Suriname,SUR,826,United Kingdom,GBR,,,,,,,,1006,Rice.,8,Weight in kilograms,,,500000,,500000,,70000,,,0
H3,2018,2018,2018,4,0,1,Import,740,Suriname,SUR,842,USA,USA,,,,,,,,1006,Rice.,8,Weight in kilograms,,,5666,,5666,,11113,,,0
H3,2018,2018,2018,4,0,1,Import,740,Suriname,SUR,842,USA,USA,,,,,,,,1507,"Soya-bean oil and its fractions, whether or not refined, but not chemically modified.",8,Weight in kilograms,,,245396,,245396,,253001,,,0
H3,2018,2018,2018,4,0,1,Import,740,Suriname,SUR,842,USA,USA,,,,,,,,0207,"Meat and edible offal, of the poultry of heading 01.05, fresh, chilled or frozen.",8,Weight in kilograms,,,15102103,,15102103,,13173414,,,0
H3,2018,2018,2018,4,0,2,Export,740,Suriname,SUR,862,Venezuela,VEN,,,,,,,,0207,"Meat and edible offal, of the poultry of heading 01.05, fresh, chilled or frozen.",8,Weight in kilograms,,,140073,,140073,,104749,,,0
H3,2019,2019,2019,4,0,1,Import,740,Suriname,SUR,0,World,WLD,,,,,,,,1006,Rice.,8,Weight in kilograms,,,230999,,230999,,190054,,,0
H3,2019,2019,2019,4,0,2,Export,740,Suriname,SUR,0,World,WLD,,,,,,,,1006,Rice.,8,Weight in kilograms,,,63837761,,63837761,,23021131,,,0
H3,2019,2019,2019,4,0,1,Import,740,Suriname,SUR,0,World,WLD,,,,,,,,0207,"Meat and edible offal, of the poultry of heading 01.05, fresh, chilled or frozen.",8,Weight in kilograms,,,18473362,,18473362,,16958016,,,0
H3,2019,2019,2019,4,0,2,Export,740,Suriname,SUR,0,World,WLD,,,,,,,,0207,"Meat and edible offal, of the poultry of heading 01.05, fresh, chilled or frozen.",8,Weight in kilograms,,,120780,,120780,,89287,,,0
H3,2019,2019,2019,4,0,1,Import,740,Suriname,SUR,0,World,WLD,,,,,,,,1507,"Soya-bean oil and its fractions, whether or not refined, but not chemically modified.",8,Weight in kilograms,,,4133722,,4133722,,4607763,,,0
H3,2019,2019,2019,4,0,2,Export,740,Suriname,SUR,0,World,WLD,,,,,,,,1507,"Soya-bean oil and its fractions, whether or not refined, but not chemically modified.",8,Weight in kilograms,,,11909,,11909,,7290,,,6
H3,2019,2019,2019,4,0,1,Import,740,Suriname,SUR,56,Belgium,BEL,,,,,,,,1507,"Soya-bean oil and its fractions, whether or not refined, but not chemically modified.",8,Weight in kilograms,,,119754,,119754,,120950,,,0
H3,2019,2019,2019,4,0,1,Import,740,Suriname,SUR,76,Brazil,BRA,,,,,,,,1507,"Soya-bean oil and its fractions, whether or not refined, but not chemically modified.",8,Weight in kilograms,,,854355,,854355,,866499,,,0
H3,2019,2019,2019,4,0,1,Import,740,Suriname,SUR,76,Brazil,BRA,,,,,,,,0207,"Meat and edible offal, of the poultry of heading 01.05, fresh, chilled or frozen.",8,Weight in kilograms,,,2689305,,2689305,,2777056,,,0
H3,2019,2019,2019,4,0,1,Import,740,Suriname,SUR,156,China,CHN,,,,,,,,1006,Rice.,8,Weight in kilograms,,,3432,,3432,,2700,,,0
H3,2019,2019,2019,4,0,2,Export,740,Suriname,SUR,251,France,FRA,,,,,,,,1006,Rice.,8,Weight in kilograms,,,3713501,,3713501,,1604079,,,0
H3,2019,2019,2019,4,0,1,Import,740,Suriname,SUR,251,France,FRA,,,,,,,,0207,"Meat and edible offal, of the poultry of heading 01.05, fresh, chilled or frozen.",8,Weight in kilograms,,,127650,,127650,,196316,,,0
H3,2019,2019,2019,4,0,2,Export,740,Suriname,SUR,288,Ghana,GHA,,,,,,,,1006,Rice.,8,Weight in kilograms,,,25020,,25020,,9750,,,0
H3,2019,2019,2019,4,0,2,Export,740,Suriname,SUR,328,Guyana,GUY,,,,,,,,0207,"Meat and edible offal, of the poultry of heading 01.05, fresh, chilled or frozen.",8,Weight in kilograms,,,9000,,9000,,6000,,,0
H3,2019,2019,2019,4,0,2,Export,740,Suriname,SUR,332,Haiti,HTI,,,,,,,,1006,Rice.,8,Weight in kilograms,,,812000,,812000,,312620,,,0
H3,2019,2019,2019,4,0,2,Export,740,Suriname,SUR,388,Jamaica,JAM,,,,,,,,1006,Rice.,8,Weight in kilograms,,,29069025,,29069025,,12217945,,,0
H3,2019,2019,2019,4,0,1,Import,740,Suriname,SUR,458,Malaysia,MYS,,,,,,,,1507,"Soya-bean oil and its fractions, whether or not refined, but not chemically modified.",8,Weight in kilograms,,,92453,,92453,,71877,,,0
H3,2019,2019,2019,4,0,2,Export,740,Suriname,SUR,508,Mozambique,MOZ,,,,,,,,1006,Rice.,8,Weight in kilograms,,,25000,,25000,,11000,,,0
H3,2019,2019,2019,4,0,1,Import,740,Suriname,SUR,528,Netherlands,NLD,,,,,,,,1006,Rice.,8,Weight in kilograms,,,21613,,21613,,26428,,,0
H3,2019,2019,2019,4,0,2,Export,740,Suriname,SUR,528,Netherlands,NLD,,,,,,,,1006,Rice.,8,Weight in kilograms,,,640260,,640260,,292865,,,0
H3,2019,2019,2019,4,0,1,Import,740,Suriname,SUR,528,Netherlands,NLD,,,,,,,,1507,"Soya-bean oil and its fractions, whether or not refined, but not chemically modified.",8,Weight in kilograms,,,2581250,,2581250,,2888757,,,0
H3,2019,2019,2019,4,0,2,Export,740,Suriname,SUR,531,Cura√ßao,CUW,,,,,,,,1006,Rice.,8,Weight in kilograms,,,25150,,25150,,14048,,,0
H3,2019,2019,2019,4,0,2,Export,740,Suriname,SUR,533,Aruba,ABW,,,,,,,,1006,Rice.,8,Weight in kilograms,,,704305,,704305,,606952,,,0
H3,2019,2019,2019,4,0,2,Export,740,Suriname,SUR,620,Portugal,PRT,,,,,,,,1006,Rice.,8,Weight in kilograms,,,26070000,,26070000,,6698718,,,0
H3,2019,2019,2019,4,0,1,Import,740,Suriname,SUR,699,India,IND,,,,,,,,1006,Rice.,8,Weight in kilograms,,,2064,,2064,,1660,,,0
H3,2019,2019,2019,4,0,1,Import,740,Suriname,SUR,702,Singapore,SGP,,,,,,,,1507,"Soya-bean oil and its fractions, whether or not refined, but not chemically modified.",8,Weight in kilograms,,,47880,,47880,,34715,,,0
H3,2019,2019,2019,4,0,1,Import,740,Suriname,SUR,764,Thailand,THA,,,,,,,,1006,Rice.,8,Weight in kilograms,,,168661,,168661,,128996,,,0
H3,2019,2019,2019,4,0,2,Export,740,Suriname,SUR,780,Trinidad and Tobago,TTO,,,,,,,,1006,Rice.,8,Weight in kilograms,,,203500,,203500,,74027,,,0
H3,2019,2019,2019,4,0,2,Export,740,Suriname,SUR,780,Trinidad and Tobago,TTO,,,,,,,,1507,"Soya-bean oil and its fractions, whether or not refined, but not chemically modified.",8,Weight in kilograms,,,7909,,7909,,4882,,,6
H3,2019,2019,2019,4,0,2,Export,740,Suriname,SUR,792,Turkey,TUR,,,,,,,,1006,Rice.,8,Weight in kilograms,,,25000,,25000,,12625,,,0
H3,2019,2019,2019,4,0,2,Export,740,Suriname,SUR,826,United Kingdom,GBR,,,,,,,,1006,Rice.,8,Weight in kilograms,,,25000,,25000,,3500,,,0
H3,2019,2019,2019,4,0,1,Import,740,Suriname,SUR,842,USA,USA,,,,,,,,1006,Rice.,8,Weight in kilograms,,,35229,,35229,,30269,,,0
H3,2019,2019,2019,4,0,1,Import,740,Suriname,SUR,842,USA,USA,,,,,,,,1507,"Soya-bean oil and its fractions, whether or not refined, but not chemically modified.",8,Weight in kilograms,,,438030,,438030,,624962,,,0
H3,2019,2019,2019,4,0,1,Import,740,Suriname,SUR,842,USA,USA,,,,,,,,0207,"Meat and edible offal, of the poultry of heading 01.05, fresh, chilled or frozen.",8,Weight in kilograms,,,15656407,,15656407,,13984643,,,0
H3,2019,2019,2019,4,0,2,Export,740,Suriname,SUR,842,USA,USA,,,,,,,,0207,"Meat and edible offal, of the poultry of heading 01.05, fresh, chilled or frozen.",8,Weight in kilograms,,,465,,465,,1787,,,0
H3,2019,2019,2019,4,0,2,Export,740,Suriname,SUR,862,Venezuela,VEN,,,,,,,,0207,"Meat and edible offal, of the poultry of heading 01.05, fresh, chilled or frozen.",8,Weight in kilograms,,,111315,,111315,,81500,,,0
H3,2019,2019,2019,4,0,2,Export,740,Suriname,SUR,862,Venezuela,VEN,,,,,,,,1507,"Soya-bean oil and its fractions, whether or not refined, but not chemically modified.",8,Weight in kilograms,,,4000,,4000,,2408,,,0
H3,2019,2019,2019,4,0,2,Export,740,Suriname,SUR,862,Venezuela,VEN,,,,,,,,1006,Rice.,8,Weight in kilograms,,,2500000,,2500000,,1163000,,,0
