Element,Item,Item Code,Value,Unit,Flag
Domestic supply quantity,"Alcohol, Non-Food",2659,0.0,1000 tonnes,"S,S,S"
Domestic supply quantity,Apples and products,2617,0.6666666666666666,1000 tonnes,"S,S,S"
Domestic supply quantity,Aquatic Plants,2775,0.0,1000 tonnes,"Im,Im,Im"
Domestic supply quantity,Bananas,2615,12.0,1000 tonnes,"S,S,S"
Domestic supply quantity,Barley and products,2513,3.0,1000 tonnes,"S,S,S"
Domestic supply quantity,Beans,2546,0.0,1000 tonnes,"S,S,S"
Domestic supply quantity,Beer,2656,52.666666666666664,1000 tonnes,"S,S,S"
Domestic supply quantity,"Beverages, Alcoholic",2658,2.3333333333333335,1000 tonnes,"S,S,S"
Domestic supply quantity,"Beverages, Fermented",2657,0.0,1000 tonnes,"S,S,S"
Domestic supply quantity,Bovine Meat,2731,2.3333333333333335,1000 tonnes,"S,S,S"
Domestic supply quantity,"Butter, Ghee",2740,0.0,1000 tonnes,"S,S,S"
Domestic supply quantity,Cassava and products,2532,7.666666666666667,1000 tonnes,"S,S,S"
Domestic supply quantity,Cephalopods,2766,0.0,1000 tonnes,"Im,Im,Im"
Domestic supply quantity,"Cereals, Other",2520,0.0,1000 tonnes,"S,S,S"
Domestic supply quantity,"Citrus, Other",2614,4.0,1000 tonnes,"S,S,S"
Domestic supply quantity,Cloves,2642,0.0,1000 tonnes,"S,S,S"
Domestic supply quantity,Cocoa Beans and products,2633,0.0,1000 tonnes,"S,S,S"
Domestic supply quantity,Coconut Oil,2578,1.0,1000 tonnes,"S,S,S"
Domestic supply quantity,Coconuts - Incl Copra,2560,14.666666666666666,1000 tonnes,"S,S,S"
Domestic supply quantity,Coffee and products,2630,0.0,1000 tonnes,"S,S,S"
Domestic supply quantity,Cottonseed Oil,2575,0.0,1000 tonnes,"S,S"
Domestic supply quantity,Cream,2743,0.0,1000 tonnes,"S,S,S"
Domestic supply quantity,Crustaceans,2765,4.216666666666666,1000 tonnes,"Im,Im,Im"
Domestic supply quantity,Dates,2619,0.0,1000 tonnes,"S,S,S"
Domestic supply quantity,Demersal Fish,2762,0.5966666666666667,1000 tonnes,"Im,Im,Im"
Domestic supply quantity,Eggs,2744,5.0,1000 tonnes,"S,S,S"
Domestic supply quantity,"Fats, Animals, Raw",2737,1.0,1000 tonnes,"S,S,S"
Domestic supply quantity,Freshwater Fish,2761,0.56,1000 tonnes,"Im,Im,Im"
Domestic supply quantity,"Fruits, Other",2625,7.333333333333333,1000 tonnes,"S,S,S"
Domestic supply quantity,Grapefruit and products,2613,2.3333333333333335,1000 tonnes,"S,S,S"
Domestic supply quantity,Grapes and products (excl wine),2620,0.6666666666666666,1000 tonnes,"S,S,S"
Domestic supply quantity,Groundnut Oil,2572,0.0,1000 tonnes,"S,S,S"
Domestic supply quantity,Groundnuts,2552,1.0,1000 tonnes,"S,S,S"
Domestic supply quantity,Honey,2745,0.0,1000 tonnes,"S,S,S"
Domestic supply quantity,Infant food,2680,0.0,1000 tonnes,"S,S,S"
Domestic supply quantity,"Lemons, Limes and products",2612,0.0,1000 tonnes,"S,S,S"
Domestic supply quantity,Maize Germ Oil,2582,0.0,1000 tonnes,"S,S,S"
Domestic supply quantity,Maize and products,2514,11.333333333333334,1000 tonnes,"S,S,S"
Domestic supply quantity,"Marine Fish, Other",2764,13.756666666666666,1000 tonnes,"Im,Im,Im"
Domestic supply quantity,"Meat, Other",2735,0.0,1000 tonnes,"S,S,S"
Domestic supply quantity,Milk - Excluding Butter,2848,7.666666666666667,1000 tonnes,"S,S,S"
Domestic supply quantity,Millet and products,2517,0.0,1000 tonnes,"S,S,S"
Domestic supply quantity,Miscellaneous,2899,7.333333333333333,1000 tonnes,"S,S,S"
Domestic supply quantity,"Molluscs, Other",2767,0.03333333333333333,1000 tonnes,"Im,Im,Im"
Domestic supply quantity,Mutton & Goat Meat,2732,0.0,1000 tonnes,"S,S,S"
Domestic supply quantity,Nuts and products,2551,0.0,1000 tonnes,"S,S,S"
Domestic supply quantity,Oats,2516,0.0,1000 tonnes,"S,S,S"
Domestic supply quantity,"Offals, Edible",2736,0.0,1000 tonnes,"S,S,S"
Domestic supply quantity,"Oilcrops Oil, Other",2586,1.3333333333333333,1000 tonnes,"S,S,S"
Domestic supply quantity,"Oilcrops, Other",2570,0.0,1000 tonnes,"S,S,S"
Domestic supply quantity,Olive Oil,2580,0.0,1000 tonnes,"S,S,S"
Domestic supply quantity,Olives (including preserved),2563,0.0,1000 tonnes,"S,S,S"
Domestic supply quantity,Onions,2602,5.0,1000 tonnes,"S,S,S"
Domestic supply quantity,"Oranges, Mandarines",2611,17.0,1000 tonnes,"S,S,S"
Domestic supply quantity,Palm Oil,2577,1.0,1000 tonnes,"S,S,S"
Domestic supply quantity,Palm kernels,2562,1.0,1000 tonnes,"S,S,S"
Domestic supply quantity,Palmkernel Oil,2576,0.0,1000 tonnes,"S,S,S"
Domestic supply quantity,Peas,2547,1.0,1000 tonnes,"S,S,S"
Domestic supply quantity,Pelagic Fish,2763,5.33,1000 tonnes,"Im,Im,Im"
Domestic supply quantity,Pepper,2640,0.0,1000 tonnes,"S,S,S"
Domestic supply quantity,Pigmeat,2733,3.6666666666666665,1000 tonnes,"S,S,S"
Domestic supply quantity,Pimento,2641,0.0,1000 tonnes,"S,S,S"
Domestic supply quantity,Pineapples and products,2618,3.0,1000 tonnes,"S,S,S"
Domestic supply quantity,Plantains,2616,17.333333333333332,1000 tonnes,"S,S,S"
Domestic supply quantity,Potatoes and products,2531,10.0,1000 tonnes,"S,S,S"
Domestic supply quantity,Poultry Meat,2734,28.666666666666668,1000 tonnes,"S,S,S"
Domestic supply quantity,"Pulses, Other and products",2549,0.0,1000 tonnes,"S,S,S"
Domestic supply quantity,Rape and Mustard Oil,2574,0.0,1000 tonnes,"S,S,S"
Domestic supply quantity,Rape and Mustardseed,2558,0.0,1000 tonnes,"S,S,S"
Domestic supply quantity,Rice and products,2807,157.33333333333334,1000 tonnes,"S,S,S"
Domestic supply quantity,"Roots, Other",2534,1.0,1000 tonnes,"S,S,S"
Domestic supply quantity,Rye and products,2515,0.0,1000 tonnes,"S,S,S"
Domestic supply quantity,Sesame seed,2561,0.0,1000 tonnes,"S,S,S"
Domestic supply quantity,Sesameseed Oil,2579,0.0,1000 tonnes,"S,S,S"
Domestic supply quantity,Sorghum and products,2518,0.0,1000 tonnes,S
Domestic supply quantity,Soyabean Oil,2571,6.0,1000 tonnes,"S,S,S"
Domestic supply quantity,Soyabeans,2555,0.0,1000 tonnes,"S,S,S"
Domestic supply quantity,"Spices, Other",2645,0.0,1000 tonnes,"S,S,S"
Domestic supply quantity,Sugar (Raw Equivalent),2542,30.0,1000 tonnes,"S,S,S"
Domestic supply quantity,Sugar cane,2536,125.33333333333333,1000 tonnes,"S,S,S"
Domestic supply quantity,Sunflower seed,2557,0.0,1000 tonnes,"S,S,S"
Domestic supply quantity,Sunflowerseed Oil,2573,2.0,1000 tonnes,"S,S,S"
Domestic supply quantity,Sweet potatoes,2533,1.0,1000 tonnes,"S,S,S"
Domestic supply quantity,"Sweeteners, Other",2543,6.0,1000 tonnes,"S,S,S"
Domestic supply quantity,Tea (including mate),2635,0.0,1000 tonnes,"S,S,S"
Domestic supply quantity,Tomatoes and products,2601,2.0,1000 tonnes,"S,S,S"
Domestic supply quantity,"Vegetables, Other",2605,33.333333333333336,1000 tonnes,"S,S,S"
Domestic supply quantity,Wheat and products,2511,33.666666666666664,1000 tonnes,"S,S,S"
Domestic supply quantity,Wine,2655,0.3333333333333333,1000 tonnes,"S,S,S"
Domestic supply quantity,Yams,2535,0.0,1000 tonnes,"S,S"
Export Quantity,"Alcohol, Non-Food",2659,0.0,1000 tonnes,Im
Export Quantity,Apples and products,2617,0.0,1000 tonnes,Im
Export Quantity,Bananas,2615,45.666666666666664,1000 tonnes,"Im,Im,Im"
Export Quantity,Barley and products,2513,0.0,1000 tonnes,Im
Export Quantity,Beer,2656,1.0,1000 tonnes,"Im,Im,Im"
Export Quantity,"Beverages, Alcoholic",2658,1.5,1000 tonnes,"Im,Im"
Export Quantity,Bovine Meat,2731,0.0,1000 tonnes,"Im,Im,Im"
Export Quantity,"Butter, Ghee",2740,0.0,1000 tonnes,"Im,Im,Im"
Export Quantity,Cassava and products,2532,0.0,1000 tonnes,"Im,Im,Im"
Export Quantity,"Cereals, Other",2520,0.0,1000 tonnes,"Im,Im,Im"
Export Quantity,Cloves,2642,0.0,1000 tonnes,"Im,Im,Im"
Export Quantity,Cocoa Beans and products,2633,0.0,1000 tonnes,"Im,Im,Im"
Export Quantity,Coconut Oil,2578,0.0,1000 tonnes,"Im,Im"
Export Quantity,Coconuts - Incl Copra,2560,0.0,1000 tonnes,"Im,Im"
Export Quantity,Coffee and products,2630,0.0,1000 tonnes,"Im,Im,Im"
Export Quantity,Cream,2743,0.0,1000 tonnes,"Im,Im"
Export Quantity,Crustaceans,2765,3.89,1000 tonnes,"Im,Im,Im"
Export Quantity,Demersal Fish,2762,0.006666666666666667,1000 tonnes,"Im,Im,Im"
Export Quantity,"Fats, Animals, Raw",2737,0.0,1000 tonnes,"Im,Im"
Export Quantity,Freshwater Fish,2761,0.38000000000000006,1000 tonnes,"Im,Im,Im"
Export Quantity,"Fruits, Other",2625,0.6666666666666666,1000 tonnes,"Im,Im,Im"
Export Quantity,Grapefruit and products,2613,0.0,1000 tonnes,"Im,Im"
Export Quantity,Groundnuts,2552,0.0,1000 tonnes,"Im,Im,Im"
Export Quantity,Infant food,2680,0.0,1000 tonnes,"Im,Im"
Export Quantity,"Lemons, Limes and products",2612,0.0,1000 tonnes,Im
Export Quantity,Maize Germ Oil,2582,0.0,1000 tonnes,Im
Export Quantity,Maize and products,2514,0.5,1000 tonnes,"Im,Im"
Export Quantity,"Marine Fish, Other",2764,20.826666666666664,1000 tonnes,"Im,Im,Im"
Export Quantity,Milk - Excluding Butter,2848,0.0,1000 tonnes,"Im,Im,Im"
Export Quantity,Miscellaneous,2899,1.0,1000 tonnes,"Im,Im,Im"
Export Quantity,Mutton & Goat Meat,2732,0.0,1000 tonnes,Im
Export Quantity,Nuts and products,2551,0.0,1000 tonnes,"Im,Im,Im"
Export Quantity,"Offals, Edible",2736,0.0,1000 tonnes,Im
Export Quantity,"Oilcrops Oil, Other",2586,0.0,1000 tonnes,"Im,Im,Im"
Export Quantity,"Oilcrops, Other",2570,1.0,1000 tonnes,"Im,Im"
Export Quantity,Olive Oil,2580,0.0,1000 tonnes,Im
Export Quantity,Olives (including preserved),2563,0.0,1000 tonnes,Im
Export Quantity,Onions,2602,0.0,1000 tonnes,"Im,Im,Im"
Export Quantity,"Oranges, Mandarines",2611,0.0,1000 tonnes,"Im,Im"
Export Quantity,Palm Oil,2577,0.0,1000 tonnes,"Im,Im"
Export Quantity,Palmkernel Oil,2576,0.0,1000 tonnes,Im
Export Quantity,Peas,2547,0.0,1000 tonnes,"Im,Im,Im"
Export Quantity,Pelagic Fish,2763,1.7533333333333332,1000 tonnes,"Im,Im,Im"
Export Quantity,Pepper,2640,0.0,1000 tonnes,"Im,Im"
Export Quantity,Pigmeat,2733,0.0,1000 tonnes,"Im,Im,Im"
Export Quantity,Pimento,2641,0.0,1000 tonnes,"Im,Im,Im"
Export Quantity,Plantains,2616,0.0,1000 tonnes,"Im,Im"
Export Quantity,Potatoes and products,2531,0.0,1000 tonnes,"Im,Im"
Export Quantity,Poultry Meat,2734,2.6666666666666665,1000 tonnes,"Im,Im,Im"
Export Quantity,"Pulses, Other and products",2549,0.0,1000 tonnes,Im
Export Quantity,Rape and Mustardseed,2558,0.0,1000 tonnes,Im
Export Quantity,Rice and products,2807,96.66666666666667,1000 tonnes,"Im,Im,Im"
Export Quantity,"Roots, Other",2534,0.0,1000 tonnes,"Im,Im,Im"
Export Quantity,Soyabean Oil,2571,0.5,1000 tonnes,"Im,Im"
Export Quantity,Soyabeans,2555,0.0,1000 tonnes,"Im,Im,Im"
Export Quantity,"Spices, Other",2645,0.0,1000 tonnes,"Im,Im,Im"
Export Quantity,Sugar (Raw Equivalent),2542,0.0,1000 tonnes,"Im,Im,Im"
Export Quantity,Sugar cane,2536,0.0,1000 tonnes,Im
Export Quantity,Sunflowerseed Oil,2573,0.0,1000 tonnes,"Im,Im"
Export Quantity,Sweet potatoes,2533,0.0,1000 tonnes,"Im,Im,Im"
Export Quantity,"Sweeteners, Other",2543,5.333333333333333,1000 tonnes,"Im,Im,Im"
Export Quantity,Tea (including mate),2635,0.0,1000 tonnes,"Im,Im"
Export Quantity,Tomatoes and products,2601,0.0,1000 tonnes,"Im,Im,Im"
Export Quantity,"Vegetables, Other",2605,0.6666666666666666,1000 tonnes,"Im,Im,Im"
Export Quantity,Wheat and products,2511,0.6666666666666666,1000 tonnes,"Im,Im,Im"
Export Quantity,Wine,2655,0.0,1000 tonnes,"Im,Im,Im"
Export Quantity,Yams,2535,0.0,1000 tonnes,"Im,Im"
Fat supply quantity (g/capita/day),Apples and products,2617,0.006666666666666667,g/capita/day,"Fc,Fc,Fc"
Fat supply quantity (g/capita/day),Aquatic Plants,2775,0.0,g/capita/day,"Fc,Fc,Fc"
Fat supply quantity (g/capita/day),Bananas,2615,0.03666666666666667,g/capita/day,"Fc,Fc,Fc"
Fat supply quantity (g/capita/day),Barley and products,2513,0.006666666666666667,g/capita/day,"Fc,Fc,Fc"
Fat supply quantity (g/capita/day),Beans,2546,0.03,g/capita/day,"Fc,Fc,Fc"
Fat supply quantity (g/capita/day),Beer,2656,0.0,g/capita/day,"Fc,Fc,Fc"
Fat supply quantity (g/capita/day),"Beverages, Alcoholic",2658,0.0,g/capita/day,"Fc,Fc,Fc"
Fat supply quantity (g/capita/day),"Beverages, Fermented",2657,0.0,g/capita/day,"Fc,Fc,Fc"
Fat supply quantity (g/capita/day),Bovine Meat,2731,1.71,g/capita/day,"Fc,Fc,Fc"
Fat supply quantity (g/capita/day),"Butter, Ghee",2740,0.7999999999999999,g/capita/day,"Fc,Fc,Fc"
Fat supply quantity (g/capita/day),Cassava and products,2532,0.08666666666666667,g/capita/day,"Fc,Fc,Fc"
Fat supply quantity (g/capita/day),Cephalopods,2766,0.0,g/capita/day,"Fc,Fc,Fc"
Fat supply quantity (g/capita/day),"Cereals, Other",2520,0.006666666666666667,g/capita/day,"Fc,Fc,Fc"
Fat supply quantity (g/capita/day),"Citrus, Other",2614,0.03,g/capita/day,"Fc,Fc,Fc"
Fat supply quantity (g/capita/day),Cloves,2642,0.0,g/capita/day,"Fc,Fc,Fc"
Fat supply quantity (g/capita/day),Cocoa Beans and products,2633,1.37,g/capita/day,"Fc,Fc,Fc"
Fat supply quantity (g/capita/day),Coconut Oil,2578,0.0,g/capita/day,"Fc,Fc,Fc"
Fat supply quantity (g/capita/day),Coconuts - Incl Copra,2560,1.6433333333333333,g/capita/day,"Fc,Fc,Fc"
Fat supply quantity (g/capita/day),Coffee and products,2630,0.0,g/capita/day,"Fc,Fc,Fc"
Fat supply quantity (g/capita/day),Cream,2743,0.07666666666666667,g/capita/day,"Fc,Fc,Fc"
Fat supply quantity (g/capita/day),Crustaceans,2765,0.043333333333333335,g/capita/day,"Fc,Fc,Fc"
Fat supply quantity (g/capita/day),Demersal Fish,2762,0.02,g/capita/day,"Fc,Fc,Fc"
Fat supply quantity (g/capita/day),Eggs,2744,1.51,g/capita/day,"Fc,Fc,Fc"
Fat supply quantity (g/capita/day),"Fats, Animals, Raw",2737,0.49333333333333335,g/capita/day,"Fc,Fc,Fc"
Fat supply quantity (g/capita/day),Freshwater Fish,2761,0.06333333333333334,g/capita/day,"Fc,Fc,Fc"
Fat supply quantity (g/capita/day),"Fruits, Other",2625,0.09666666666666668,g/capita/day,"Fc,Fc,Fc"
Fat supply quantity (g/capita/day),Grapefruit and products,2613,0.0033333333333333335,g/capita/day,"Fc,Fc,Fc"
Fat supply quantity (g/capita/day),Grapes and products (excl wine),2620,0.01,g/capita/day,"Fc,Fc,Fc"
Fat supply quantity (g/capita/day),Groundnut Oil,2572,0.0,g/capita/day,"Fc,Fc,Fc"
Fat supply quantity (g/capita/day),Groundnuts,2552,2.8266666666666667,g/capita/day,"Fc,Fc,Fc"
Fat supply quantity (g/capita/day),Honey,2745,0.0,g/capita/day,"Fc,Fc,Fc"
Fat supply quantity (g/capita/day),Infant food,2680,0.05333333333333334,g/capita/day,"Fc,Fc,Fc"
Fat supply quantity (g/capita/day),"Lemons, Limes and products",2612,0.0,g/capita/day,"Fc,Fc,Fc"
Fat supply quantity (g/capita/day),Maize Germ Oil,2582,0.10666666666666667,g/capita/day,"Fc,Fc,Fc"
Fat supply quantity (g/capita/day),Maize and products,2514,0.16,g/capita/day,"Fc,Fc,Fc"
Fat supply quantity (g/capita/day),"Marine Fish, Other",2764,0.3133333333333333,g/capita/day,"Fc,Fc,Fc"
Fat supply quantity (g/capita/day),"Meat, Other",2735,0.06666666666666667,g/capita/day,"Fc,Fc,Fc"
Fat supply quantity (g/capita/day),Milk - Excluding Butter,2848,2.5233333333333334,g/capita/day,"Fc,Fc,Fc"
Fat supply quantity (g/capita/day),Miscellaneous,2899,0.17333333333333334,g/capita/day,"Fc,Fc,Fc"
Fat supply quantity (g/capita/day),"Molluscs, Other",2767,0.0,g/capita/day,"Fc,Fc,Fc"
Fat supply quantity (g/capita/day),Mutton & Goat Meat,2732,0.01,g/capita/day,"Fc,Fc,Fc"
Fat supply quantity (g/capita/day),Nuts and products,2551,0.11666666666666665,g/capita/day,"Fc,Fc,Fc"
Fat supply quantity (g/capita/day),Oats,2516,0.08333333333333333,g/capita/day,"Fc,Fc,Fc"
Fat supply quantity (g/capita/day),"Offals, Edible",2736,0.06,g/capita/day,"Fc,Fc,Fc"
Fat supply quantity (g/capita/day),"Oilcrops Oil, Other",2586,4.3999999999999995,g/capita/day,"Fc,Fc,Fc"
Fat supply quantity (g/capita/day),Olive Oil,2580,0.25666666666666665,g/capita/day,"Fc,Fc,Fc"
Fat supply quantity (g/capita/day),Olives (including preserved),2563,0.006666666666666667,g/capita/day,"Fc,Fc,Fc"
Fat supply quantity (g/capita/day),Onions,2602,0.04666666666666667,g/capita/day,"Fc,Fc,Fc"
Fat supply quantity (g/capita/day),"Oranges, Mandarines",2611,0.07,g/capita/day,"Fc,Fc,Fc"
Fat supply quantity (g/capita/day),Peas,2547,0.06,g/capita/day,"Fc,Fc,Fc"
Fat supply quantity (g/capita/day),Pelagic Fish,2763,0.8466666666666667,g/capita/day,"Fc,Fc,Fc"
Fat supply quantity (g/capita/day),Pepper,2640,0.0,g/capita/day,"Fc,Fc,Fc"
Fat supply quantity (g/capita/day),Pigmeat,2733,6.4433333333333325,g/capita/day,"Fc,Fc,Fc"
Fat supply quantity (g/capita/day),Pimento,2641,0.006666666666666667,g/capita/day,"Fc,Fc,Fc"
Fat supply quantity (g/capita/day),Pineapples and products,2618,0.013333333333333334,g/capita/day,"Fc,Fc,Fc"
Fat supply quantity (g/capita/day),Plantains,2616,0.06333333333333334,g/capita/day,"Fc,Fc,Fc"
Fat supply quantity (g/capita/day),Potatoes and products,2531,0.07,g/capita/day,"Fc,Fc,Fc"
Fat supply quantity (g/capita/day),Poultry Meat,2734,8.51,g/capita/day,"Fc,Fc,Fc"
Fat supply quantity (g/capita/day),"Pulses, Other and products",2549,0.01,g/capita/day,"Fc,Fc,Fc"
Fat supply quantity (g/capita/day),Rape and Mustardseed,2558,0.0,g/capita/day,"Fc,Fc,Fc"
Fat supply quantity (g/capita/day),Rice and products,2807,1.0633333333333335,g/capita/day,"Fc,Fc,Fc"
Fat supply quantity (g/capita/day),"Roots, Other",2534,0.0,g/capita/day,"Fc,Fc,Fc"
Fat supply quantity (g/capita/day),Rye and products,2515,0.0,g/capita/day,"Fc,Fc,Fc"
Fat supply quantity (g/capita/day),Sesame seed,2561,0.0033333333333333335,g/capita/day,"Fc,Fc,Fc"
Fat supply quantity (g/capita/day),Sesameseed Oil,2579,0.03666666666666667,g/capita/day,"Fc,Fc,Fc"
Fat supply quantity (g/capita/day),Soyabean Oil,2571,29.413333333333338,g/capita/day,"Fc,Fc,Fc"
Fat supply quantity (g/capita/day),Soyabeans,2555,0.11,g/capita/day,"Fc,Fc,Fc"
Fat supply quantity (g/capita/day),"Spices, Other",2645,0.09666666666666668,g/capita/day,"Fc,Fc,Fc"
Fat supply quantity (g/capita/day),Sugar (Raw Equivalent),2542,0.0,g/capita/day,"Fc,Fc,Fc"
Fat supply quantity (g/capita/day),Sugar cane,2536,0.0,g/capita/day,"Fc,Fc,Fc"
Fat supply quantity (g/capita/day),Sunflower seed,2557,0.15666666666666665,g/capita/day,"Fc,Fc,Fc"
Fat supply quantity (g/capita/day),Sunflowerseed Oil,2573,6.953333333333333,g/capita/day,"Fc,Fc,Fc"
Fat supply quantity (g/capita/day),Sweet potatoes,2533,0.0,g/capita/day,"Fc,Fc,Fc"
Fat supply quantity (g/capita/day),"Sweeteners, Other",2543,0.0,g/capita/day,"Fc,Fc,Fc"
Fat supply quantity (g/capita/day),Tea (including mate),2635,0.0,g/capita/day,"Fc,Fc,Fc"
Fat supply quantity (g/capita/day),Tomatoes and products,2601,0.03333333333333333,g/capita/day,"Fc,Fc,Fc"
Fat supply quantity (g/capita/day),"Vegetables, Other",2605,0.3633333333333333,g/capita/day,"Fc,Fc,Fc"
Fat supply quantity (g/capita/day),Wheat and products,2511,3.9766666666666666,g/capita/day,"Fc,Fc,Fc"
Fat supply quantity (g/capita/day),Wine,2655,0.0,g/capita/day,"Fc,Fc,Fc"
Food,Apples and products,2617,0.6666666666666666,1000 tonnes,"Im,Im,Im"
Food,Aquatic Plants,2775,0.0,1000 tonnes,"Im,Im,Im"
Food,Bananas,2615,7.666666666666667,1000 tonnes,"Im,Im,Im"
Food,Barley and products,2513,0.0,1000 tonnes,"Im,Im,Im"
Food,Beans,2546,0.0,1000 tonnes,"Im,Im,Im"
Food,Beer,2656,24.0,1000 tonnes,"Im,Im,Im"
Food,"Beverages, Alcoholic",2658,2.3333333333333335,1000 tonnes,"Im,Im,Im"
Food,"Beverages, Fermented",2657,0.0,1000 tonnes,"Im,Im,Im"
Food,Bovine Meat,2731,2.3333333333333335,1000 tonnes,"Im,Im,Im"
Food,"Butter, Ghee",2740,0.0,1000 tonnes,"Im,Im,Im"
Food,Cassava and products,2532,6.0,1000 tonnes,"Im,Im,Im"
Food,Cephalopods,2766,0.0,1000 tonnes,"Im,Im,Im"
Food,"Cereals, Other",2520,0.0,1000 tonnes,"Im,Im,Im"
Food,"Citrus, Other",2614,3.3333333333333335,1000 tonnes,"Im,Im,Im"
Food,Cloves,2642,0.0,1000 tonnes,"Im,Im,Im"
Food,Cocoa Beans and products,2633,0.0,1000 tonnes,"Im,Im,Im"
Food,Coconut Oil,2578,0.0,1000 tonnes,"Im,Im,Im"
Food,Coconuts - Incl Copra,2560,3.0,1000 tonnes,"Im,Im,Im"
Food,Coffee and products,2630,0.0,1000 tonnes,"Im,Im,Im"
Food,Cream,2743,0.0,1000 tonnes,"Im,Im,Im"
Food,Crustaceans,2765,1.7166666666666668,1000 tonnes,"Im,Im,Im"
Food,Demersal Fish,2762,0.5966666666666667,1000 tonnes,"Im,Im,Im"
Food,Eggs,2744,3.6666666666666665,1000 tonnes,"Im,Im,Im"
Food,"Fats, Animals, Raw",2737,0.0,1000 tonnes,"Im,Im,Im"
Food,Freshwater Fish,2761,0.56,1000 tonnes,"Im,Im,Im"
Food,"Fruits, Other",2625,7.0,1000 tonnes,"Im,Im,Im"
Food,Grapefruit and products,2613,1.6666666666666667,1000 tonnes,"Im,Im,Im"
Food,Grapes and products (excl wine),2620,0.6666666666666666,1000 tonnes,"Im,Im,Im"
Food,Groundnut Oil,2572,0.0,1000 tonnes,"Im,Im,Im"
Food,Groundnuts,2552,1.0,1000 tonnes,"Im,Im,Im"
Food,Honey,2745,0.0,1000 tonnes,"Im,Im,Im"
Food,Infant food,2680,0.0,1000 tonnes,"Im,Im,Im"
Food,"Lemons, Limes and products",2612,0.0,1000 tonnes,"Im,Im,Im"
Food,Maize Germ Oil,2582,0.0,1000 tonnes,"Im,Im,Im"
Food,Maize and products,2514,1.0,1000 tonnes,"Im,Im,Im"
Food,"Marine Fish, Other",2764,3.0233333333333334,1000 tonnes,"Im,Im,Im"
Food,"Meat, Other",2735,0.0,1000 tonnes,"Im,Im,Im"
Food,Milk - Excluding Butter,2848,6.666666666666667,1000 tonnes,"Im,Im,Im"
Food,Miscellaneous,2899,7.333333333333333,1000 tonnes,"Im,Im,Im"
Food,"Molluscs, Other",2767,0.03333333333333333,1000 tonnes,"Im,Im,Im"
Food,Mutton & Goat Meat,2732,0.0,1000 tonnes,"Im,Im,Im"
Food,Nuts and products,2551,0.0,1000 tonnes,"Im,Im,Im"
Food,Oats,2516,0.0,1000 tonnes,"Im,Im,Im"
Food,"Offals, Edible",2736,0.0,1000 tonnes,"Im,Im,Im"
Food,"Oilcrops Oil, Other",2586,1.0,1000 tonnes,"Im,Im,Im"
Food,Olive Oil,2580,0.0,1000 tonnes,"Im,Im,Im"
Food,Olives (including preserved),2563,0.0,1000 tonnes,"Im,Im,Im"
Food,Onions,2602,5.0,1000 tonnes,"Im,Im,Im"
Food,"Oranges, Mandarines",2611,15.666666666666666,1000 tonnes,"Im,Im,Im"
Food,Peas,2547,1.0,1000 tonnes,"Im,Im,Im"
Food,Pelagic Fish,2763,3.73,1000 tonnes,"Im,Im,Im"
Food,Pepper,2640,0.0,1000 tonnes,"Im,Im,Im"
Food,Pigmeat,2733,3.6666666666666665,1000 tonnes,"Im,Im,Im"
Food,Pimento,2641,0.0,1000 tonnes,"Im,Im,Im"
Food,Pineapples and products,2618,3.0,1000 tonnes,"Im,Im,Im"
Food,Plantains,2616,13.333333333333334,1000 tonnes,"Im,Im,Im"
Food,Potatoes and products,2531,9.0,1000 tonnes,"Im,Im,Im"
Food,Poultry Meat,2734,19.0,1000 tonnes,"Im,Im,Im"
Food,"Pulses, Other and products",2549,0.0,1000 tonnes,"Im,Im,Im"
Food,Rape and Mustardseed,2558,0.0,1000 tonnes,"Im,Im,Im"
Food,Rice and products,2807,59.0,1000 tonnes,"Im,Im,Im"
Food,"Roots, Other",2534,0.3333333333333333,1000 tonnes,"Im,Im,Im"
Food,Rye and products,2515,0.0,1000 tonnes,"Im,Im,Im"
Food,Sesame seed,2561,0.0,1000 tonnes,"Im,Im,Im"
Food,Sesameseed Oil,2579,0.0,1000 tonnes,"Im,Im,Im"
Food,Soyabean Oil,2571,6.0,1000 tonnes,"Im,Im,Im"
Food,Soyabeans,2555,0.0,1000 tonnes,"Im,Im,Im"
Food,"Spices, Other",2645,0.0,1000 tonnes,"Im,Im,Im"
Food,Sugar (Raw Equivalent),2542,23.333333333333332,1000 tonnes,"Im,Im,Im"
Food,Sugar cane,2536,2.0,1000 tonnes,"Im,Im,Im"
Food,Sunflower seed,2557,0.0,1000 tonnes,"Im,Im,Im"
Food,Sunflowerseed Oil,2573,1.0,1000 tonnes,"Im,Im,Im"
Food,Sweet potatoes,2533,0.0,1000 tonnes,"Im,Im,Im"
Food,"Sweeteners, Other",2543,6.0,1000 tonnes,"Im,Im,Im"
Food,Tea (including mate),2635,0.0,1000 tonnes,"Im,Im,Im"
Food,Tomatoes and products,2601,2.0,1000 tonnes,"Im,Im,Im"
Food,"Vegetables, Other",2605,31.0,1000 tonnes,"Im,Im,Im"
Food,Wheat and products,2511,32.666666666666664,1000 tonnes,"Im,Im,Im"
Food,Wine,2655,0.3333333333333333,1000 tonnes,"Im,Im,Im"
Food supply (kcal/capita/day),Apples and products,2617,1.6666666666666667,kcal/capita/day,"Fc,Fc,Fc"
Food supply (kcal/capita/day),Aquatic Plants,2775,0.0,kcal/capita/day,"Fc,Fc,Fc"
Food supply (kcal/capita/day),Bananas,2615,23.0,kcal/capita/day,"Fc,Fc,Fc"
Food supply (kcal/capita/day),Barley and products,2513,2.0,kcal/capita/day,"Fc,Fc,Fc"
Food supply (kcal/capita/day),Beans,2546,6.0,kcal/capita/day,"Fc,Fc,Fc"
Food supply (kcal/capita/day),Beer,2656,41.0,kcal/capita/day,"Fc,Fc,Fc"
Food supply (kcal/capita/day),"Beverages, Alcoholic",2658,34.333333333333336,kcal/capita/day,"Fc,Fc,Fc"
Food supply (kcal/capita/day),"Beverages, Fermented",2657,0.0,kcal/capita/day,"Fc,Fc,Fc"
Food supply (kcal/capita/day),Bovine Meat,2731,24.333333333333332,kcal/capita/day,"Fc,Fc,Fc"
Food supply (kcal/capita/day),"Butter, Ghee",2740,7.0,kcal/capita/day,"Fc,Fc,Fc"
Food supply (kcal/capita/day),Cassava and products,2532,25.666666666666668,kcal/capita/day,"Fc,Fc,Fc"
Food supply (kcal/capita/day),Cephalopods,2766,0.0,kcal/capita/day,"Fc,Fc,Fc"
Food supply (kcal/capita/day),"Cereals, Other",2520,2.6666666666666665,kcal/capita/day,"Fc,Fc,Fc"
Food supply (kcal/capita/day),"Citrus, Other",2614,4.333333333333333,kcal/capita/day,"Fc,Fc,Fc"
Food supply (kcal/capita/day),Cloves,2642,0.0,kcal/capita/day,"Fc,Fc,Fc"
Food supply (kcal/capita/day),Cocoa Beans and products,2633,15.0,kcal/capita/day,"Fc,Fc,Fc"
Food supply (kcal/capita/day),Coconut Oil,2578,0.0,kcal/capita/day,"Fc,Fc,Fc"
Food supply (kcal/capita/day),Coconuts - Incl Copra,2560,17.666666666666668,kcal/capita/day,"Fc,Fc,Fc"
Food supply (kcal/capita/day),Coffee and products,2630,1.0,kcal/capita/day,"Fc,Fc,Fc"
Food supply (kcal/capita/day),Cream,2743,1.0,kcal/capita/day,"Fc,Fc,Fc"
Food supply (kcal/capita/day),Crustaceans,2765,4.0,kcal/capita/day,"Fc,Fc,Fc"
Food supply (kcal/capita/day),Demersal Fish,2762,1.0,kcal/capita/day,"Fc,Fc,Fc"
Food supply (kcal/capita/day),Eggs,2744,23.0,kcal/capita/day,"Fc,Fc,Fc"
Food supply (kcal/capita/day),"Fats, Animals, Raw",2737,4.666666666666667,kcal/capita/day,"Fc,Fc,Fc"
Food supply (kcal/capita/day),Freshwater Fish,2761,2.0,kcal/capita/day,"Fc,Fc,Fc"
Food supply (kcal/capita/day),"Fruits, Other",2625,16.0,kcal/capita/day,"Fc,Fc,Fc"
Food supply (kcal/capita/day),Grapefruit and products,2613,2.0,kcal/capita/day,"Fc,Fc,Fc"
Food supply (kcal/capita/day),Grapes and products (excl wine),2620,4.0,kcal/capita/day,"Fc,Fc,Fc"
Food supply (kcal/capita/day),Groundnut Oil,2572,0.0,kcal/capita/day,"Fc,Fc,Fc"
Food supply (kcal/capita/day),Groundnuts,2552,33.0,kcal/capita/day,"Fc,Fc,Fc"
Food supply (kcal/capita/day),Honey,2745,0.0,kcal/capita/day,"Fc,Fc,Fc"
Food supply (kcal/capita/day),Infant food,2680,7.0,kcal/capita/day,"Fc,Fc,Fc"
Food supply (kcal/capita/day),"Lemons, Limes and products",2612,0.0,kcal/capita/day,"Fc,Fc,Fc"
Food supply (kcal/capita/day),Maize Germ Oil,2582,1.0,kcal/capita/day,"Fc,Fc,Fc"
Food supply (kcal/capita/day),Maize and products,2514,18.666666666666668,kcal/capita/day,"Fc,Fc,Fc"
Food supply (kcal/capita/day),"Marine Fish, Other",2764,9.666666666666666,kcal/capita/day,"Fc,Fc,Fc"
Food supply (kcal/capita/day),"Meat, Other",2735,1.3333333333333333,kcal/capita/day,"Fc,Fc,Fc"
Food supply (kcal/capita/day),Milk - Excluding Butter,2848,60.0,kcal/capita/day,"Fc,Fc,Fc"
Food supply (kcal/capita/day),Miscellaneous,2899,14.333333333333334,kcal/capita/day,"Fc,Fc,Fc"
Food supply (kcal/capita/day),"Molluscs, Other",2767,0.0,kcal/capita/day,"Fc,Fc,Fc"
Food supply (kcal/capita/day),Mutton & Goat Meat,2732,0.0,kcal/capita/day,"Fc,Fc,Fc"
Food supply (kcal/capita/day),Nuts and products,2551,1.3333333333333333,kcal/capita/day,"Fc,Fc,Fc"
Food supply (kcal/capita/day),Oats,2516,5.0,kcal/capita/day,"Fc,Fc,Fc"
Food supply (kcal/capita/day),"Offals, Edible",2736,2.3333333333333335,kcal/capita/day,"Fc,Fc,Fc"
Food supply (kcal/capita/day),"Oilcrops Oil, Other",2586,39.333333333333336,kcal/capita/day,"Fc,Fc,Fc"
Food supply (kcal/capita/day),Olive Oil,2580,2.3333333333333335,kcal/capita/day,"Fc,Fc,Fc"
Food supply (kcal/capita/day),Olives (including preserved),2563,0.0,kcal/capita/day,"Fc,Fc,Fc"
Food supply (kcal/capita/day),Onions,2602,9.666666666666666,kcal/capita/day,"Fc,Fc,Fc"
Food supply (kcal/capita/day),"Oranges, Mandarines",2611,20.0,kcal/capita/day,"Fc,Fc,Fc"
Food supply (kcal/capita/day),Peas,2547,11.666666666666666,kcal/capita/day,"Fc,Fc,Fc"
Food supply (kcal/capita/day),Pelagic Fish,2763,16.0,kcal/capita/day,"Fc,Fc,Fc"
Food supply (kcal/capita/day),Pepper,2640,0.0,kcal/capita/day,"Fc,Fc,Fc"
Food supply (kcal/capita/day),Pigmeat,2733,67.33333333333333,kcal/capita/day,"Fc,Fc,Fc"
Food supply (kcal/capita/day),Pimento,2641,0.0,kcal/capita/day,"Fc,Fc,Fc"
Food supply (kcal/capita/day),Pineapples and products,2618,4.333333333333333,kcal/capita/day,"Fc,Fc,Fc"
Food supply (kcal/capita/day),Plantains,2616,55.666666666666664,kcal/capita/day,"Fc,Fc,Fc"
Food supply (kcal/capita/day),Potatoes and products,2531,33.0,kcal/capita/day,"Fc,Fc,Fc"
Food supply (kcal/capita/day),Poultry Meat,2734,119.66666666666667,kcal/capita/day,"Fc,Fc,Fc"
Food supply (kcal/capita/day),"Pulses, Other and products",2549,1.3333333333333333,kcal/capita/day,"Fc,Fc,Fc"
Food supply (kcal/capita/day),Rape and Mustardseed,2558,2.0,kcal/capita/day,"Fc,Fc,Fc"
Food supply (kcal/capita/day),Rice and products,2807,639.6666666666666,kcal/capita/day,"Fc,Fc,Fc"
Food supply (kcal/capita/day),"Roots, Other",2534,2.3333333333333335,kcal/capita/day,"Fc,Fc,Fc"
Food supply (kcal/capita/day),Rye and products,2515,0.0,kcal/capita/day,"Fc,Fc,Fc"
Food supply (kcal/capita/day),Sesame seed,2561,0.0,kcal/capita/day,"Fc,Fc,Fc"
Food supply (kcal/capita/day),Sesameseed Oil,2579,0.0,kcal/capita/day,"Fc,Fc,Fc"
Food supply (kcal/capita/day),Soyabean Oil,2571,260.0,kcal/capita/day,"Fc,Fc,Fc"
Food supply (kcal/capita/day),Soyabeans,2555,2.3333333333333335,kcal/capita/day,"Fc,Fc,Fc"
Food supply (kcal/capita/day),"Spices, Other",2645,2.6666666666666665,kcal/capita/day,"Fc,Fc,Fc"
Food supply (kcal/capita/day),Sugar (Raw Equivalent),2542,396.3333333333333,kcal/capita/day,"Fc,Fc,Fc"
Food supply (kcal/capita/day),Sugar cane,2536,3.0,kcal/capita/day,"Fc,Fc,Fc"
Food supply (kcal/capita/day),Sunflower seed,2557,2.0,kcal/capita/day,"Fc,Fc,Fc"
Food supply (kcal/capita/day),Sunflowerseed Oil,2573,61.666666666666664,kcal/capita/day,"Fc,Fc,Fc"
Food supply (kcal/capita/day),Sweet potatoes,2533,2.0,kcal/capita/day,"Fc,Fc,Fc"
Food supply (kcal/capita/day),"Sweeteners, Other",2543,12.666666666666666,kcal/capita/day,"Fc,Fc,Fc"
Food supply (kcal/capita/day),Tea (including mate),2635,1.0,kcal/capita/day,"Fc,Fc,Fc"
Food supply (kcal/capita/day),Tomatoes and products,2601,3.3333333333333335,kcal/capita/day,"Fc,Fc,Fc"
Food supply (kcal/capita/day),"Vegetables, Other",2605,47.333333333333336,kcal/capita/day,"Fc,Fc,Fc"
Food supply (kcal/capita/day),Wheat and products,2511,465.3333333333333,kcal/capita/day,"Fc,Fc,Fc"
Food supply (kcal/capita/day),Wine,2655,1.6666666666666667,kcal/capita/day,"Fc,Fc,Fc"
Import Quantity,"Alcohol, Non-Food",2659,0.0,1000 tonnes,"Im,Im,Im"
Import Quantity,Apples and products,2617,0.6666666666666666,1000 tonnes,"Im,Im,Im"
Import Quantity,Aquatic Plants,2775,0.0,1000 tonnes,"Im,Im,Im"
Import Quantity,Barley and products,2513,3.0,1000 tonnes,"Im,Im,Im"
Import Quantity,Beans,2546,0.6666666666666666,1000 tonnes,"Im,Im,Im"
Import Quantity,Beer,2656,8.0,1000 tonnes,"Im,Im,Im"
Import Quantity,"Beverages, Alcoholic",2658,2.0,1000 tonnes,"Im,Im,Im"
Import Quantity,"Beverages, Fermented",2657,0.0,1000 tonnes,"Im,Im,Im"
Import Quantity,Bovine Meat,2731,1.0,1000 tonnes,"Im,Im,Im"
Import Quantity,"Butter, Ghee",2740,0.0,1000 tonnes,"Im,Im,Im"
Import Quantity,Cassava and products,2532,0.0,1000 tonnes,"Im,Im,Im"
Import Quantity,Cephalopods,2766,0.0,1000 tonnes,"Im,Im,Im"
Import Quantity,"Cereals, Other",2520,0.0,1000 tonnes,"Im,Im,Im"
Import Quantity,"Citrus, Other",2614,0.0,1000 tonnes,"Im,Im,Im"
Import Quantity,Cloves,2642,0.0,1000 tonnes,"Im,Im,Im"
Import Quantity,Cocoa Beans and products,2633,0.0,1000 tonnes,"Im,Im,Im"
Import Quantity,Coconut Oil,2578,0.0,1000 tonnes,"Im,Im,Im"
Import Quantity,Coconuts - Incl Copra,2560,0.0,1000 tonnes,"Im,Im,Im"
Import Quantity,Coffee and products,2630,0.0,1000 tonnes,"Im,Im,Im"
Import Quantity,Cottonseed Oil,2575,0.0,1000 tonnes,"Im,Im"
Import Quantity,Cream,2743,0.0,1000 tonnes,"Im,Im,Im"
Import Quantity,Crustaceans,2765,0.04,1000 tonnes,"Im,Im,Im"
Import Quantity,Dates,2619,0.0,1000 tonnes,"Im,Im,Im"
Import Quantity,Demersal Fish,2762,0.16333333333333333,1000 tonnes,"Im,Im,Im"
Import Quantity,Eggs,2744,0.0,1000 tonnes,"Im,Im,Im"
Import Quantity,"Fats, Animals, Raw",2737,0.3333333333333333,1000 tonnes,"Im,Im,Im"
Import Quantity,Freshwater Fish,2761,0.006666666666666667,1000 tonnes,"Im,Im,Im"
Import Quantity,"Fruits, Other",2625,3.0,1000 tonnes,"Im,Im,Im"
Import Quantity,Grapefruit and products,2613,0.0,1000 tonnes,"Im,Im,Im"
Import Quantity,Grapes and products (excl wine),2620,0.3333333333333333,1000 tonnes,"Im,Im,Im"
Import Quantity,Groundnut Oil,2572,0.0,1000 tonnes,"Im,Im,Im"
Import Quantity,Groundnuts,2552,1.6666666666666667,1000 tonnes,"Im,Im,Im"
Import Quantity,Honey,2745,0.0,1000 tonnes,"Im,Im,Im"
Import Quantity,Infant food,2680,1.0,1000 tonnes,"Im,Im,Im"
Import Quantity,"Lemons, Limes and products",2612,0.0,1000 tonnes,Im
Import Quantity,Maize Germ Oil,2582,0.0,1000 tonnes,"Im,Im,Im"
Import Quantity,Maize and products,2514,11.333333333333334,1000 tonnes,"Im,Im,Im"
Import Quantity,"Marine Fish, Other",2764,0.4366666666666667,1000 tonnes,"Im,Im,Im"
Import Quantity,"Meat, Other",2735,0.0,1000 tonnes,"Im,Im,Im"
Import Quantity,Milk - Excluding Butter,2848,3.6666666666666665,1000 tonnes,"Im,Im,Im"
Import Quantity,Millet and products,2517,0.0,1000 tonnes,"Im,Im,Im"
Import Quantity,Miscellaneous,2899,8.333333333333334,1000 tonnes,"Im,Im,Im"
Import Quantity,"Molluscs, Other",2767,0.03333333333333333,1000 tonnes,"Im,Im,Im"
Import Quantity,Mutton & Goat Meat,2732,0.0,1000 tonnes,"Im,Im,Im"
Import Quantity,Nuts and products,2551,0.0,1000 tonnes,"Im,Im,Im"
Import Quantity,Oats,2516,0.0,1000 tonnes,"Im,Im,Im"
Import Quantity,"Offals, Edible",2736,0.0,1000 tonnes,"Im,Im,Im"
Import Quantity,"Oilcrops Oil, Other",2586,1.0,1000 tonnes,"Im,Im,Im"
Import Quantity,"Oilcrops, Other",2570,1.0,1000 tonnes,"Im,Im,Im"
Import Quantity,Olive Oil,2580,0.0,1000 tonnes,"Im,Im,Im"
Import Quantity,Olives (including preserved),2563,0.0,1000 tonnes,"Im,Im,Im"
Import Quantity,Onions,2602,5.333333333333333,1000 tonnes,"Im,Im,Im"
Import Quantity,"Oranges, Mandarines",2611,1.3333333333333333,1000 tonnes,"Im,Im,Im"
Import Quantity,Palm Oil,2577,1.0,1000 tonnes,"Im,Im,Im"
Import Quantity,Palm kernels,2562,0.0,1000 tonnes,"Im,Im"
Import Quantity,Palmkernel Oil,2576,0.0,1000 tonnes,"Im,Im,Im"
Import Quantity,Peas,2547,1.0,1000 tonnes,"Im,Im,Im"
Import Quantity,Pelagic Fish,2763,3.5700000000000003,1000 tonnes,"Im,Im,Im"
Import Quantity,Pepper,2640,0.0,1000 tonnes,"Im,Im,Im"
Import Quantity,Pigmeat,2733,1.6666666666666667,1000 tonnes,"Im,Im,Im"
Import Quantity,Pimento,2641,0.0,1000 tonnes,"Im,Im,Im"
Import Quantity,Pineapples and products,2618,0.0,1000 tonnes,"Im,Im,Im"
Import Quantity,Potatoes and products,2531,11.0,1000 tonnes,"Im,Im,Im"
Import Quantity,Poultry Meat,2734,21.333333333333332,1000 tonnes,"Im,Im,Im"
Import Quantity,"Pulses, Other and products",2549,0.0,1000 tonnes,"Im,Im,Im"
Import Quantity,Rape and Mustard Oil,2574,0.0,1000 tonnes,"Im,Im,Im"
Import Quantity,Rape and Mustardseed,2558,0.0,1000 tonnes,"Im,Im,Im"
Import Quantity,Rice and products,2807,0.6666666666666666,1000 tonnes,"Im,Im,Im"
Import Quantity,"Roots, Other",2534,0.0,1000 tonnes,"Im,Im,Im"
Import Quantity,Rye and products,2515,0.0,1000 tonnes,"Im,Im"
Import Quantity,Sesame seed,2561,0.0,1000 tonnes,"Im,Im,Im"
Import Quantity,Sesameseed Oil,2579,0.0,1000 tonnes,"Im,Im,Im"
Import Quantity,Sorghum and products,2518,0.0,1000 tonnes,Im
Import Quantity,Soyabean Oil,2571,5.666666666666667,1000 tonnes,"Im,Im,Im"
Import Quantity,Soyabeans,2555,0.0,1000 tonnes,"Im,Im,Im"
Import Quantity,"Spices, Other",2645,0.3333333333333333,1000 tonnes,"Im,Im,Im"
Import Quantity,Sugar (Raw Equivalent),2542,25.333333333333332,1000 tonnes,"Im,Im,Im"
Import Quantity,Sunflower seed,2557,0.0,1000 tonnes,"Im,Im,Im"
Import Quantity,Sunflowerseed Oil,2573,5.0,1000 tonnes,"Im,Im,Im"
Import Quantity,Sweet potatoes,2533,0.0,1000 tonnes,Im
Import Quantity,"Sweeteners, Other",2543,13.333333333333334,1000 tonnes,"Im,Im,Im"
Import Quantity,Tea (including mate),2635,0.3333333333333333,1000 tonnes,"Im,Im,Im"
Import Quantity,Tomatoes and products,2601,0.6666666666666666,1000 tonnes,"Im,Im,Im"
Import Quantity,"Vegetables, Other",2605,6.666666666666667,1000 tonnes,"Im,Im,Im"
Import Quantity,Wheat and products,2511,36.666666666666664,1000 tonnes,"Im,Im,Im"
Import Quantity,Wine,2655,0.6666666666666666,1000 tonnes,"Im,Im,Im"
Import Quantity,Yams,2535,0.0,1000 tonnes,Im
Production,Bananas,2615,57.666666666666664,1000 tonnes,"Im,Im,Im"
Production,Beer,2656,44.666666666666664,1000 tonnes,"Im,Im,Im"
Production,"Beverages, Alcoholic",2658,3.0,1000 tonnes,"Im,Im,Im"
Production,Bovine Meat,2731,2.0,1000 tonnes,"Im,Im,Im"
Production,"Butter, Ghee",2740,0.0,1000 tonnes,"Im,Im,Im"
Production,Cassava and products,2532,7.666666666666667,1000 tonnes,"Im,Im,Im"
Production,"Citrus, Other",2614,4.0,1000 tonnes,"Im,Im,Im"
Production,Cocoa Beans and products,2633,0.0,1000 tonnes,"Im,Im,Im"
Production,Coconut Oil,2578,1.3333333333333333,1000 tonnes,"Im,Im,Im"
Production,Coconuts - Incl Copra,2560,14.666666666666666,1000 tonnes,"Im,Im,Im"
Production,Coffee and products,2630,0.0,1000 tonnes,"Im,Im,Im"
Production,Crustaceans,2765,8.066666666666668,1000 tonnes,"Im,Im,Im"
Production,Demersal Fish,2762,0.44,1000 tonnes,"Im,Im,Im"
Production,Eggs,2744,4.666666666666667,1000 tonnes,"Im,Im,Im"
Production,"Fats, Animals, Raw",2737,0.0,1000 tonnes,"Im,Im,Im"
Production,Freshwater Fish,2761,0.9333333333333332,1000 tonnes,"Im,Im,Im"
Production,"Fruits, Other",2625,4.666666666666667,1000 tonnes,"Im,Im,Im"
Production,Grapefruit and products,2613,2.3333333333333335,1000 tonnes,"Im,Im,Im"
Production,Groundnuts,2552,0.0,1000 tonnes,"Im,Im,Im"
Production,Honey,2745,0.0,1000 tonnes,"Im,Im,Im"
Production,"Lemons, Limes and products",2612,0.0,1000 tonnes,"Im,Im,Im"
Production,Maize and products,2514,0.0,1000 tonnes,"Im,Im,Im"
Production,"Marine Fish, Other",2764,34.15,1000 tonnes,"Im,Im,Im"
Production,Milk - Excluding Butter,2848,4.333333333333333,1000 tonnes,"Im,Im,Im"
Production,Mutton & Goat Meat,2732,0.0,1000 tonnes,"Im,Im,Im"
Production,"Offals, Edible",2736,0.0,1000 tonnes,"Im,Im,Im"
Production,"Oilcrops Oil, Other",2586,1.0,1000 tonnes,"Im,Im,Im"
Production,"Oranges, Mandarines",2611,16.0,1000 tonnes,"Im,Im,Im"
Production,Palm Oil,2577,0.0,1000 tonnes,"Im,Im,Im"
Production,Palm kernels,2562,1.0,1000 tonnes,"Im,Im,Im"
Production,Palmkernel Oil,2576,0.0,1000 tonnes,"Im,Im,Im"
Production,Pelagic Fish,2763,3.52,1000 tonnes,"Im,Im,Im"
Production,Pigmeat,2733,2.0,1000 tonnes,"Im,Im,Im"
Production,Pineapples and products,2618,3.0,1000 tonnes,"Im,Im,Im"
Production,Plantains,2616,17.333333333333332,1000 tonnes,"Im,Im,Im"
Production,Poultry Meat,2734,9.666666666666666,1000 tonnes,"Im,Im,Im"
Production,"Pulses, Other and products",2549,0.0,1000 tonnes,"Im,Im,Im"
Production,Rice and products,2807,280.3333333333333,1000 tonnes,"Im,Im,Im"
Production,"Roots, Other",2534,2.0,1000 tonnes,"Im,Im,Im"
Production,Soyabeans,2555,0.0,1000 tonnes,"Im,Im,Im"
Production,Sugar (Raw Equivalent),2542,6.0,1000 tonnes,"Im,Im,Im"
Production,Sugar cane,2536,125.33333333333333,1000 tonnes,"Im,Im,Im"
Production,Sweet potatoes,2533,1.0,1000 tonnes,"Im,Im,Im"
Production,"Sweeteners, Other",2543,0.0,1000 tonnes,"Im,Im,Im"
Production,Tomatoes and products,2601,1.6666666666666667,1000 tonnes,"Im,Im,Im"
Production,"Vegetables, Other",2605,27.666666666666668,1000 tonnes,"Im,Im,Im"
Production,Wheat and products,2511,0.0,1000 tonnes,"Im,Im,Im"
Protein supply quantity (g/capita/day),Apples and products,2617,0.0,g/capita/day,"Fc,Fc,Fc"
Protein supply quantity (g/capita/day),Aquatic Plants,2775,0.0,g/capita/day,"Fc,Fc,Fc"
Protein supply quantity (g/capita/day),Bananas,2615,0.2966666666666667,g/capita/day,"Fc,Fc,Fc"
Protein supply quantity (g/capita/day),Barley and products,2513,0.06,g/capita/day,"Fc,Fc,Fc"
Protein supply quantity (g/capita/day),Beans,2546,0.41,g/capita/day,"Fc,Fc,Fc"
Protein supply quantity (g/capita/day),Beer,2656,0.3433333333333333,g/capita/day,"Fc,Fc,Fc"
Protein supply quantity (g/capita/day),"Beverages, Alcoholic",2658,0.0,g/capita/day,"Fc,Fc,Fc"
Protein supply quantity (g/capita/day),"Beverages, Fermented",2657,0.0,g/capita/day,"Fc,Fc,Fc"
Protein supply quantity (g/capita/day),Bovine Meat,2731,2.0666666666666664,g/capita/day,"Fc,Fc,Fc"
Protein supply quantity (g/capita/day),"Butter, Ghee",2740,0.006666666666666667,g/capita/day,"Fc,Fc,Fc"
Protein supply quantity (g/capita/day),Cassava and products,2532,0.19999999999999998,g/capita/day,"Fc,Fc,Fc"
Protein supply quantity (g/capita/day),Cephalopods,2766,0.0,g/capita/day,"Fc,Fc,Fc"
Protein supply quantity (g/capita/day),"Cereals, Other",2520,0.07666666666666667,g/capita/day,"Fc,Fc,Fc"
Protein supply quantity (g/capita/day),"Citrus, Other",2614,0.08333333333333333,g/capita/day,"Fc,Fc,Fc"
Protein supply quantity (g/capita/day),Cloves,2642,0.0,g/capita/day,"Fc,Fc,Fc"
Protein supply quantity (g/capita/day),Cocoa Beans and products,2633,0.19333333333333333,g/capita/day,"Fc,Fc,Fc"
Protein supply quantity (g/capita/day),Coconut Oil,2578,0.0,g/capita/day,"Fc,Fc,Fc"
Protein supply quantity (g/capita/day),Coconuts - Incl Copra,2560,0.21333333333333335,g/capita/day,"Fc,Fc,Fc"
Protein supply quantity (g/capita/day),Coffee and products,2630,0.03666666666666667,g/capita/day,"Fc,Fc,Fc"
Protein supply quantity (g/capita/day),Cream,2743,0.006666666666666667,g/capita/day,"Fc,Fc,Fc"
Protein supply quantity (g/capita/day),Crustaceans,2765,0.82,g/capita/day,"Fc,Fc,Fc"
Protein supply quantity (g/capita/day),Demersal Fish,2762,0.27,g/capita/day,"Fc,Fc,Fc"
Protein supply quantity (g/capita/day),Eggs,2744,1.7433333333333334,g/capita/day,"Fc,Fc,Fc"
Protein supply quantity (g/capita/day),"Fats, Animals, Raw",2737,0.006666666666666667,g/capita/day,"Fc,Fc,Fc"
Protein supply quantity (g/capita/day),Freshwater Fish,2761,0.2866666666666667,g/capita/day,"Fc,Fc,Fc"
Protein supply quantity (g/capita/day),"Fruits, Other",2625,0.18000000000000002,g/capita/day,"Fc,Fc,Fc"
Protein supply quantity (g/capita/day),Grapefruit and products,2613,0.02666666666666667,g/capita/day,"Fc,Fc,Fc"
Protein supply quantity (g/capita/day),Grapes and products (excl wine),2620,0.04,g/capita/day,"Fc,Fc,Fc"
Protein supply quantity (g/capita/day),Groundnut Oil,2572,0.0,g/capita/day,"Fc,Fc,Fc"
Protein supply quantity (g/capita/day),Groundnuts,2552,1.47,g/capita/day,"Fc,Fc,Fc"
Protein supply quantity (g/capita/day),Honey,2745,0.0,g/capita/day,"Fc,Fc,Fc"
Protein supply quantity (g/capita/day),Infant food,2680,0.29,g/capita/day,"Fc,Fc,Fc"
Protein supply quantity (g/capita/day),"Lemons, Limes and products",2612,0.0,g/capita/day,"Fc,Fc,Fc"
Protein supply quantity (g/capita/day),Maize Germ Oil,2582,0.0,g/capita/day,"Fc,Fc,Fc"
Protein supply quantity (g/capita/day),Maize and products,2514,0.4633333333333334,g/capita/day,"Fc,Fc,Fc"
Protein supply quantity (g/capita/day),"Marine Fish, Other",2764,1.5233333333333334,g/capita/day,"Fc,Fc,Fc"
Protein supply quantity (g/capita/day),"Meat, Other",2735,0.1366666666666667,g/capita/day,"Fc,Fc,Fc"
Protein supply quantity (g/capita/day),Milk - Excluding Butter,2848,4.29,g/capita/day,"Fc,Fc,Fc"
Protein supply quantity (g/capita/day),Miscellaneous,2899,0.41333333333333333,g/capita/day,"Fc,Fc,Fc"
Protein supply quantity (g/capita/day),"Molluscs, Other",2767,0.0033333333333333335,g/capita/day,"Fc,Fc,Fc"
Protein supply quantity (g/capita/day),Mutton & Goat Meat,2732,0.016666666666666666,g/capita/day,"Fc,Fc,Fc"
Protein supply quantity (g/capita/day),Nuts and products,2551,0.03,g/capita/day,"Fc,Fc,Fc"
Protein supply quantity (g/capita/day),Oats,2516,0.20666666666666667,g/capita/day,"Fc,Fc,Fc"
Protein supply quantity (g/capita/day),"Offals, Edible",2736,0.37666666666666665,g/capita/day,"Fc,Fc,Fc"
Protein supply quantity (g/capita/day),"Oilcrops Oil, Other",2586,0.03,g/capita/day,"Fc,Fc,Fc"
Protein supply quantity (g/capita/day),Olive Oil,2580,0.0,g/capita/day,"Fc,Fc,Fc"
Protein supply quantity (g/capita/day),Olives (including preserved),2563,0.0,g/capita/day,"Fc,Fc,Fc"
Protein supply quantity (g/capita/day),Onions,2602,0.29666666666666663,g/capita/day,"Fc,Fc,Fc"
Protein supply quantity (g/capita/day),"Oranges, Mandarines",2611,0.3633333333333333,g/capita/day,"Fc,Fc,Fc"
Protein supply quantity (g/capita/day),Peas,2547,0.75,g/capita/day,"Fc,Fc,Fc"
Protein supply quantity (g/capita/day),Pelagic Fish,2763,1.8866666666666667,g/capita/day,"Fc,Fc,Fc"
Protein supply quantity (g/capita/day),Pepper,2640,0.0,g/capita/day,"Fc,Fc,Fc"
Protein supply quantity (g/capita/day),Pigmeat,2733,2.0766666666666667,g/capita/day,"Fc,Fc,Fc"
Protein supply quantity (g/capita/day),Pimento,2641,0.006666666666666667,g/capita/day,"Fc,Fc,Fc"
Protein supply quantity (g/capita/day),Pineapples and products,2618,0.023333333333333334,g/capita/day,"Fc,Fc,Fc"
Protein supply quantity (g/capita/day),Plantains,2616,0.44,g/capita/day,"Fc,Fc,Fc"
Protein supply quantity (g/capita/day),Potatoes and products,2531,0.79,g/capita/day,"Fc,Fc,Fc"
Protein supply quantity (g/capita/day),Poultry Meat,2734,9.956666666666665,g/capita/day,"Fc,Fc,Fc"
Protein supply quantity (g/capita/day),"Pulses, Other and products",2549,0.10000000000000002,g/capita/day,"Fc,Fc,Fc"
Protein supply quantity (g/capita/day),Rape and Mustardseed,2558,0.0,g/capita/day,"Fc,Fc,Fc"
Protein supply quantity (g/capita/day),Rice and products,2807,12.646666666666667,g/capita/day,"Fc,Fc,Fc"
Protein supply quantity (g/capita/day),"Roots, Other",2534,0.043333333333333335,g/capita/day,"Fc,Fc,Fc"
Protein supply quantity (g/capita/day),Rye and products,2515,0.0,g/capita/day,"Fc,Fc,Fc"
Protein supply quantity (g/capita/day),Sesame seed,2561,0.0,g/capita/day,"Fc,Fc,Fc"
Protein supply quantity (g/capita/day),Sesameseed Oil,2579,0.0,g/capita/day,"Fc,Fc,Fc"
Protein supply quantity (g/capita/day),Soyabean Oil,2571,0.0,g/capita/day,"Fc,Fc,Fc"
Protein supply quantity (g/capita/day),Soyabeans,2555,0.23666666666666666,g/capita/day,"Fc,Fc,Fc"
Protein supply quantity (g/capita/day),"Spices, Other",2645,0.09000000000000001,g/capita/day,"Fc,Fc,Fc"
Protein supply quantity (g/capita/day),Sugar (Raw Equivalent),2542,0.0,g/capita/day,"Fc,Fc,Fc"
Protein supply quantity (g/capita/day),Sugar cane,2536,0.02,g/capita/day,"Fc,Fc,Fc"
Protein supply quantity (g/capita/day),Sunflower seed,2557,0.07,g/capita/day,"Fc,Fc,Fc"
Protein supply quantity (g/capita/day),Sunflowerseed Oil,2573,0.0,g/capita/day,"Fc,Fc,Fc"
Protein supply quantity (g/capita/day),Sweet potatoes,2533,0.02,g/capita/day,"Fc,Fc,Fc"
Protein supply quantity (g/capita/day),"Sweeteners, Other",2543,0.0,g/capita/day,"Fc,Fc,Fc"
Protein supply quantity (g/capita/day),Tea (including mate),2635,0.18000000000000002,g/capita/day,"Fc,Fc,Fc"
Protein supply quantity (g/capita/day),Tomatoes and products,2601,0.13,g/capita/day,"Fc,Fc,Fc"
Protein supply quantity (g/capita/day),"Vegetables, Other",2605,2.563333333333333,g/capita/day,"Fc,Fc,Fc"
Protein supply quantity (g/capita/day),Wheat and products,2511,11.76,g/capita/day,"Fc,Fc,Fc"
Protein supply quantity (g/capita/day),Wine,2655,0.0,g/capita/day,"Fc,Fc,Fc"
